71,
1207,
163,
946,
26,
26,
586,
357,
34,
80,
113,
96,
471,
80,
37276,
1426,
227,
119,
82,
45,
337,
470,
35,
120,
909,
1085,
37,
106,
77,
371,
45,
221,
82,
37,
35,
192,
26,
18,
215,
22,
43,
56,
6388,
144,
3786,
47,
30,
45,
680,
170,
1023,
165,
632,
414,
49,
83,
695,
529,
63,
70,
38,
271,
138,
373,
331,
111,
40,
27,
563,
78,
36,
35,
133,
114,
877,
236,
484,
1018,
211,
557,
56,
227,
129,
376,
322,
212,
187,
38,
38,
40,
186,
187,
30,
248,
56,
188,
484,
157,
217,
218,
42,
155,
236,
98,
187,
186,
830,
34,
63,
419,
143,
218,
25,
604,
79,
127,
67,
1358,
2048,
2068,
36,
45,
31,
59,
458,
48,
51,
81,
68,
37,
88,
73,
0,
105,
66,
37,
34,
50,
37,
41,
132,
29,
389,
593,
185,
209,
291,
91,
135,
154,
41,
35,
28,
73,
73,
29,
28,
28,
44,
73,
32,
532,
278,
38,
24,
4,
179,
43,
1011,
120,
38,
288,
35,
3,
34,
434,
44,
32,
85,
225,
25,
25,
14,
28,
125,
506,
202,
435,
49,
67,
153,
251,
55,
170,
319,
273,
49,
96,
1661,
1524,
131,
221,
681,
1742,
506,
41,
105,
22,
5,
46,
41,
68,
39786,
33,
53,
50,
31,
225,
491,
1209,
183,
358,
145,
199,
260,
486,
717,
183,
187,
44,
49,
10,
50,
142,
143,
143,
1028,
23,
38,
1071,
4,
851,
46,
239,
514,
1353,
142,
144,
142,
599,
51,
326,
54,
142,
318,
141,
144,
89,
1013,
142,
142,
134,
46,
311,
42,
252,
231,
75,
216,
427,
143,
37,
3778,
390,
104,
0,
37,
0,
188,
45,
228,
159,
0,
195,
139,
181,
129,
292,
75,
263,
240,
169,
113,
189,
139,
501,
229,
1023,
671,
127,
288,
31,
121,
243,
114,
167,
817,
89,
836,
31,
229,
91,
1079,
280,
1419,
540,
94,
87,
48,
65,
44,
88,
351,
15,
930,
111,
835,
201,
80,
76,
6458,
243,
308,
26,
87,
66,
407,
112,
49,
470,
42,
34,
35,
38,
115,
2528,
30,
111,
347,
60,
21,
34,
26,
36,
20,
31,
19,
33,
43,
17,
153,
41,
103,
101,
64,
25,
28,
366,
133,
201,
195,
22,
301,
76,
191,
39,
801,
400,
692,
723,
473,
177,
176,
253,
23,
178,
173,
180,
1705,
158,
54,
1308,
26,
45,
202,
43,
335,
255,
21,
47,
59,
268,
216,
45,
195,
414,
137,
42,
192,
141,
656,
594,
862,
825,
222,
30,
56,
28,
122,
65,
28,
29,
366,
28,
33,
42,
84,
35,
24,
27,
190,
114,
2061,
210,
103,
4,
61,
154,
506,
37,
42,
114,
42,
79,
110,
115,
29,
295,
25,
33,
67,
111,
87,
52,
174,
132,
75,
765,
134,
210,
113,
205,
108,
33,
55,
25,
72,
231,
62,
264,
38,
490,
70,
52,
155,
25,
45,
37,
27,
20,
299,
25,
32,
24,
239,
45,
25,
38,
43,
287,
100,
121,
152,
25,
174,
37,
95,
40,
36,
48,
31,
55,
71,
634,
33,
728,
31,
33,
144,
23,
26,
33,
194,
546,
911,
231,
60,
214,
89,
14240,
111,
32,
145,
81,
674,
110,
297,
408,
326,
68,
13,
108,
290,
64,
32,
41,
113,
196,
77,
154,
26,
141,
56,
34,
95,
39,
42,
44,
0,
32,
95,
77,
23,
64,
38,
24,
61,
83,
33,
75,
0,
29,
75,
28,
218,
25,
99,
32,
147,
79,
121,
22,
29,
28,
61,
181,
319,
34,
71,
22,
39,
406,
62,
108,
35,
217,
2,
71,
1215,
0,
0,
26,
34,
20,
46,
26,
97,
39,
29,
30,
0,
0,
11713,
28,
19,
22,
44,
1,
44,
60,
18,
39,
101,
74,
231,
21,
104,
127,
17,
49,
147,
38,
32,
226,
82,
39,
134,
383,
372,
245,
36,
36,
62,
16,
19,
80,
71,
39,
402,
7,
177,
585,
282,
27,
24,
93,
1,
35,
83,
31,
67,
34,
8,
11,
27,
197,
32,
34,
266,
118,
39,
168,
180,
111,
25,
255,
117,
84,
130,
392,
31,
32,
40,
101,
100,
60,
34,
21,
42,
61,
281,
32,
318,
187,
315,
12,
32,
55,
191,
127,
32,
115,
812,
53,
74,
23,
204,
252,
578,
102,
16,
18,
164,
813,
338,
54,
24,
22,
124,
28,
34,
86,
215,
116,
256,
302,
316,
64,
137,
39,
113,
120,
32,
121,
32,
28,
31,
39,
92,
41,
196,
232,
86,
128,
63,
45,
68,
305,
121,
26,
62,
29,
34,
14,
152,
61,
121,
28,
33,
6,
75,
35,
32,
40,
102,
71,
47,
28,
113,
106,
89,
414,
191,
20,
30,
138,
109,
104,
24,
20,
57,
43,
38,
56,
765,
13,
69,
27,
30,
15,
51,
30,
244,
25,
0,
55,
51,
99,
23,
2531,
26,
117,
31,
122,
29,
38,
17,
74,
428,
572,
45,
335,
51,
25,
29,
31,
137,
21,
24,
32,
268,
26,
2229,
82,
40,
0,
285,
40,
839,
843,
1761,
342,
917,
190,
49,
43,
57,
44,
263,
43,
46,
254,
199,
49,
50,
35,
29,
509,
62,
35,
25,
31,
69,
115,
452,
149,
145,
39,
38,
122,
23,
36,
67,
48,
39,
32,
41,
24,
48,
54,
45,
31,
28,
431,
43,
43,
65,
15,
135,
41,
3599,
57,
24,
56,
77,
12,
69,
132,
31,
63,
36,
28,
74,
38,
81,
92,
558,
96,
39,
85,
57,
94,
169,
173,
22,
32,
114,
415,
345,
564,
253,
1329,
918,
38,
45,
1140,
88,
55,
91,
57,
332,
29,
27,
54,
572,
47,
119,
436,
378,
648,
440,
168,
2447,
1050,
734,
709,
971,
1176,
2106,
61,
156,
327,
1,
581,
1255,
146,
43,
1447,
2,
33,
39,
370,
1197,
1010,
61,
2414,
34,
104,
155,
369,
1096,
49,
330,
330,
38,
158,
201,
47,
362,
107,
46,
493,
1227,
372,
539,
54,
239,
47,
498,
179,
229,
1045,
692,
188,
73,
213,
42,
1030,
181,
460,
451,
51,
177,
156,
1880,
1021,
362,
144,
115,
54,
1238,
61,
147,
954,
1657,
19,
2206,
69,
144,
280,
1246,
633,
145,
144,
189,
144,
145,
53,
399,
357,
144,
44,
143,
59,
2523,
143,
1911,
206,
165,
144,
128,
144,
57,
1317,
408,
13,
105,
389,
186,
13,
1693,
46,
72,
785,
1899,
1859,
810,
699,
712,
853,
346,
899,
651,
258,
48,
36,
39,
134,
1005,
4,
876,
46,
248,
143,
141,
145,
143,
146,
56,
144,
143,
50,
335,
56,
156,
143,
334,
52,
145,
142,
96,
143,
1054,
139,
143,
47,
1858,
90,
277,
76,
223,
42232,
43,
563,
439,
144,
38,
324,
4343,
409,
108,
0,
38,
0,
198,
46,
238,
167,
0,
205,
143,
0,
189,
128,
308,
78,
272,
254,
179,
119,
196,
138,
516,
236,
1065,
4,
698,
128,
27,
294,
125,
250,
117,
89,
861,
173,
850,
30,
239,
94,
1118,
296,
595,
142,
150,
842,
4,
112,
143,
1255,
144,
0,
696,
204,
906,
156,
532,
1406,
23,
1129,
57,
1483,
309,
110,
3972,
93,
152,
2310,
2093,
667,
260,
161,
397,
85,
33,
45,
36,
26,
290,
1394,
262,
43,
34,
38,
789,
38,
22,
260,
2285,
41,
496,
45,
247,
411,
172,
29,
308,
129,
23,
664,
1135,
129,
35,
4414,
20,
702,
1322,
46,
72,
420,
1392,
70,
12,
565,
606,
315,
388,
50,
41,
14,
33,
11,
16,
48,
2585,
180,
208,
252,
63,
463,
56,
660,
748,
522,
1091,
263,
541,
177,
180,
35,
144,
23,
158,
41,
44,
123,
67,
36,
202,
1232,
390,
1845,
406,
32,
65,
139,
157,
42,
212,
526,
97,
107,
42,
400,
70,
128,
88,
217,
140,
1115,
1995,
109,
259,
542,
461,
629,
33,
101,
490,
752,
629,
198,
90,
189,
3873,
179,
570,
47,
376,
1141,
44,
87,
38,
41,
305,
46,
1436,
113,
48,
42,
257,
153,
102,
32,
122,
2336,
58,
873,
276,
47,
37,
43,
430,
36,
184,
37,
672,
42,
426,
34,
355,
669,
155,
637,
42,
10,
556,
176,
109,
133,
372,
133,
35,
101,
134,
159,
42,
507,
24,
29,
30,
108,
185,
120,
42,
177,
89,
236,
82,
109,
181,
107,
349,
189,
120,
101,
164,
240,
49,
44,
49,
305,
2346,
1359,
116,
29,
30,
1995,
0,
783,
213,
121,
120,
38,
88,
804,
187,
41,
179,
1181,
122,
1686,
312,
628,
1218,
78,
282,
77,
28,
67,
1377,
1385,
101,
80,
231,
80,
183,
2291,
182,
183,
23,
179,
106,
184,
179,
395,
186,
182,
161,
54,
99,
1566,
99,
186,
23,
198,
1654,
1069,
259,
192,
362,
593,
407,
36,
1175,
138,
1001,
584,
192,
200,
1024,
123,
125,
119,
39,
189,
307,
210,
72,
1017,
68,
60,
18,
65,
37,
48,
40,
37,
394,
231,
108,
42,
241,
52,
162,
463,
255,
239,
241,
30,
238,
190,
805,
274,
96,
96,
1472,
1487,
95,
90,
450,
958,
383,
89,
536,
355,
50,
491,
117,
372,
405,
188,
237,
859,
339,
116,
115,
233,
262,
662,
469,
571,
556,
516,
666,
236,
172,
87,
5,
24,
262,
1361,
981,
158,
183,
1165,
107,
106,
1256,
627,
1159,
154,
27,
35,
35,
194,
22,
27,
25,
223,
128,
21,
1531,
41,
26,
50,
147,
45,
235,
35,
144,
4,
18,
131,
74,
67,
163,
108,
50,
149,
183,
301,
375,
642,
26,
2519,
3694,
727,
155,
259,
56,
177,
336,
59,
280,
202,
82,
282,
161,
2975,
52,
50,
98,
1665,
270,
244,
755,
2079,
788,
497,
82,
31,
116,
216,
1044,
233,
739,
2422,
644,
29,
558,
167,
470,
215,
1621,
1066,
1144,
365,
681,
1826,
25,
1113,
3487,
1242,
50,
36,
76,
29,
21,
23,
25,
24,
26,
23,
26,
23,
23,
24,
22,
24,
25,
20,
22,
24,
18,
21,
410,
226,
35,
389,
113,
2105,
35,
38,
111,
987,
913,
370,
38,
344,
293,
40,
733,
140,
35,
484,
108,
680,
1545,
69,
230,
107,
87,
43,
225,
36,
259,
30,
38,
149,
536,
40,
113,
44,
112,
551,
25,
254,
79,
43,
619,
269,
294,
249,
18,
456,
620,
202,
51,
352,
190,
85,
410,
44,
383,
3358,
38,
188,
127,
242,
25,
83,
64,
31,
362,
34,
31,
84,
33,
24,
27,
182,
120,
2092,
36,
28,
28,
41,
269,
41,
143,
21,
41,
38,
73,
38,
38,
122,
28,
30,
48,
28,
27,
28,
31,
22,
134,
31,
207,
40,
41,
1584,
29,
18,
174,
34,
42,
105,
47,
107,
132,
25,
28,
391,
144,
45,
42,
45,
211,
29,
1454,
511,
79,
88,
45,
370,
954,
55,
893,
665,
27,
152,
30,
782,
112,
119,
944,
18,
17,
86,
49,
27,
465,
488,
37,
269,
143,
48,
70,
51,
479,
51,
33,
247,
51,
56,
76,
449,
43,
29,
0,
64,
64,
25,
20,
57,
43,
41,
39,
171,
146,
101,
108,
237,
136,
110,
48458,
164,
42,
29,
91,
31,
22,
607,
33,
721,
45,
139,
50,
28,
40,
32,
186,
36,
80,
236,
96,
464,
81,
28,
426,
25,
33,
67,
41,
481,
26,
31,
33,
144,
23,
26,
33,
188,
95,
50,
54,
114,
48,
29,
17,
94,
28,
45,
30,
65,
169,
397,
26,
89,
206,
36,
114,
268,
251,
28,
579,
78,
482,
580,
14,
321,
26,
227,
109,
892,
26,
955,
115,
66,
112,
39,
39,
261,
365,
77,
114,
25,
943,
72,
121,
199,
31,
33,
142,
35,
61,
347,
48,
177,
41,
25,
503,
294,
67,
28215,
521,
117,
148,
190,
145,
6,
3,
50,
50,
1293,
18,
1934,
911,
108,
210,
36,
42,
83,
856,
42,
19,
90,
51,
41,
96,
173,
1143,
176,
238,
496,
15,
45,
149,
162,
958,
61,
370,
162,
35,
43,
30,
474,
168,
133,
25,
21,
48,
37,
97,
55,
25,
25,
28,
178,
547,
1551,
94,
267,
37,
412,
24,
76,
26,
83,
32,
39,
25,
693,
319,
119,
240,
909,
31,
112,
168,
801,
234,
90,
1066,
295,
44,
137,
185,
46,
28,
43,
534,
34,
157,
237,
268,
269,
57,
70,
74,
110,
196,
107,
35,
278,
250,
80,
69,
104,
60,
64,
12,
207,
79,
81,
27,
154,
987,
278,
1375,
223,
587,
21,
58,
18,
21,
20,
49,
58,
272,
222,
46,
204,
137,
135,
359,
657,
288,
596,
867,
40,
331,
416,
52,
141,
29,
47,
49,
25,
33,
735,
42,
41,
42601,
205,
38,
81,
239,
96,
470,
81,
155,
113,
89,
52,
63,
514,
43,
326,
189,
130,
308,
78,
272,
254,
179,
137,
519,
236,
1065,
4,
699,
128,
27,
298,
125,
251,
117,
174,
850,
95,
31,
863,
95,
1123,
241,
296,
42,
578,
179,
132,
173,
188,
31,
435,
25,
33,
67,
486,
33,
196,
31,
169,
14,
57,
832,
132,
299,
85,
132,
624,
48,
87,
189,
218,
78,
36,
36,
42,
214,
160,
1198,
112,
1052,
46,
222,
65,
42,
132,
465,
950,
32,
44,
95,
36,
42,
127,
239,
43,
94,
152,
105,
193,
338,
349,
239,
70,
76,
41,
36,
38,
442,
33,
78,
30,
39,
172,
29,
29,
143,
67,
62,
290,
282,
38,
387,
111,
168,
128,
679,
85,
56,
386,
235,
8188,
18,
459,
30,
29,
43,
78,
132,
29,
29,
56,
30,
80,
80,
41,
175,
88,
27,
460,
111,
40,
72,
20,
157,
117,
42,
108,
24,
27,
106,
2382,
25,
38,
192,
607,
29,
29,
29,
256,
33,
78,
130,
21,
56,
1242,
59,
39,
181,
185,
14,
29,
5,
29,
51,
37,
185,
35,
42,
12,
226,
166,
73,
39,
40,
33,
97,
43,
56,
378,
315,
345,
218,
23,
29,
93,
35,
26,
38,
75,
23,
27,
27,
96,
97,
30,
32,
23,
36,
733,
36,
83,
52,
37,
185,
131,
1646,
81,
547,
2307,
35,
2440,
29,
83,
105,
35,
160,
82,
41,
193,
9,
38,
157,
35,
224,
79,
348,
69,
8286,
32,
90,
12,
233,
37,
85,
614,
90,
198,
77,
191,
428,
536,
544,
255,
102,
491,
33,
36,
121,
86,
42,
42,
45,
34,
207,
24,
28,
58,
207,
42,
34,
67,
62,
23,
20,
2277,
132,
117,
46,
271,
75,
34,
105,
137,
172,
143,
32,
73,
169,
58,
90,
37,
45,
28,
14,
60,
58,
60,
58,
58,
89,
331,
59,
59,
57,
60,
26,
32,
35,
144,
425,
110,
83,
179,
136,
28,
27,
549,
13,
141,
1744,
35,
504,
108,
185,
249,
26,
30,
39,
44,
42,
26,
41,
45,
44,
41,
1995,
6694,
27,
151,
115,
75,
53,
176,
39,
26,
34,
16,
15,
28,
32,
47,
68,
22,
36,
72,
111,
44,
32,
45,
30,
195,
45,
336,
77,
104,
461,
38,
38,
22,
23,
66,
29,
151,
37,
29,
31,
99,
24,
35,
103,
104,
53,
28,
24,
26,
26,
60,
25,
30,
192,
36,
77,
17,
27,
206,
34,
76,
28,
44,
47,
49,
22,
22,
142,
83,
34,
51,
29,
86,
68,
119,
21,
24,
24,
21,
46,
23,
82,
71,
28,
142,
37,
11,
176,
149,
163,
170,
56,
31,
121,
27,
150,
131,
144,
79,
339,
173,
153,
74,
33,
29,
161,
196,
200,
84,
109,
45,
158,
232,
136,
45,
123,
85,
45,
129,
95,
117,
109,
345,
30,
18,
238,
38,
38,
53,
42,
33,
37,
35,
68,
39,
34,
39,
681,
85,
54,
262,
50,
28,
42,
83,
25,
46,
33,
37,
74,
48,
110,
215,
11,
59,
78,
299,
27,
242,
25,
28,
32,
758,
123,
295,
49,
118,
632,
632,
513,
698,
88,
697,
498,
510,
510,
509,
493,
509,
511,
503,
11,
25,
82,
30,
50,
134,
54,
39,
335,
254,
45,
233,
24,
40,
30,
49,
224,
43,
212,
41,
39,
41,
42,
39,
33,
205,
235,
109,
86,
100,
203,
38,
196,
22,
22,
24,
285,
321,
274,
126,
72,
147,
337,
37,
39,
246,
95,
245,
41,
23,
191,
116,
33,
40,
22,
25,
42,
1019,
29,
78,
56,
48,
33,
61,
292,
91,
100,
266,
40,
465,
92,
114,
39,
37,
24,
22,
21,
27,
725,
249,
79,
70,
42,
796,
232,
51,
137,
109,
431,
45,
71,
59,
122,
45,
991,
548,
861,
61,
260,
219,
111,
663,
1538,
1022,
544,
377,
665,
1087,
57,
117,
35,
38,
215,
212,
35,
403,
584,
271,
44,
306,
337,
30,
38,
40,
694,
2573,
270,
100,
43644,
28,
58,
72,
37,
75,
121,
32,
372,
91,
111,
103,
555,
379,
656,
48,
41,
391,
77,
416,
0,
333,
47,
372,
48,
309,
216,
676,
0,
82,
103,
470,
127,
128,
142,
568,
18,
92,
205,
411,
4,
75,
306,
71,
32,
592,
686,
117,
64,
130,
31,
222,
227,
293,
418,
92,
490,
463,
50,
654,
26,
736,
462,
39,
62,
206,
108,
31,
71,
333,
197,
113,
227,
151,
110,
230,
840,
36,
31,
33,
146,
23,
26,
39,
286,
706,
144,
52,
434,
92,
1247,
150,
597,
1446,
847,
76,
17,
450,
1111,
313,
47,
43,
177,
328,
173,
268,
45,
343,
544,
372,
947,
43,
153,
465,
0,
48,
121,
707,
71,
124,
40,
57,
160,
277,
178,
211,
39,
37,
92,
214,
428,
484,
427,
72,
618,
224,
246,
46,
213,
68,
398,
360,
632,
81,
109,
70,
466,
754,
90,
144,
41,
367,
4,
80,
3266,
0,
0,
313,
40,
43,
217,
354,
446,
296,
282,
361,
0,
0,
27987,
315,
38,
193,
538,
17,
88,
127,
60,
121,
132,
233,
596,
78,
241,
482,
70,
428,
156,
48,
35,
1123,
82,
45,
134,
1583,
471,
394,
373,
87,
19,
16,
21,
107,
253,
959,
7,
802,
662,
325,
122,
25,
121,
2,
37,
159,
202,
111,
68,
11,
12,
28,
204,
35,
35,
772,
137,
40,
176,
198,
114,
362,
43,
56,
57,
290,
130,
427,
371,
222,
44,
605,
502,
93,
62,
46,
148,
156,
917,
62,
1502,
555,
1454,
118,
55,
82,
218,
229,
57,
265,
2708,
80,
298,
47,
542,
714,
893,
223,
205,
60,
629,
1510,
526,
73,
43,
27,
177,
32,
200,
292,
640,
853,
350,
635,
379,
63,
134,
157,
32,
165,
73,
33,
31,
205,
87,
119,
65,
674,
446,
114,
304,
63,
210,
403,
688,
297,
26,
399,
35,
36,
179,
184,
77,
137,
35,
205,
166,
524,
44,
38,
40,
648,
83,
51,
37,
460,
153,
101,
808,
243,
26,
38,
173,
109,
104,
24,
20,
57,
43,
43,
908,
15,
229,
48,
78,
28,
442,
135,
67,
449,
25,
0,
66,
62,
707,
32,
35622,
43,
91,
31,
124,
29,
33,
22,
82,
620,
608,
66,
446,
59,
27,
31,
33,
142,
23,
26,
39,
285,
155,
42,
157,
113,
48,
784,
106,
170,
91,
27,
68,
53,
290,
2297,
562,
443,
166,
300,
1100,
791,
507,
1052,
31,
22,
59,
106,
188,
914,
19,
100,
28,
40,
44,
37,
84,
21,
277,
4718,
2248,
473,
42,
278,
28,
179,
21,
25,
64,
465,
35,
34,
25,
17,
60,
23,
37,
36,
162,
41,
50,
51,
20,
97,
266,
97,
60,
47,
41,
96,
52,
50,
119,
84,
348,
8480,
28,
23,
92,
29,
35,
38,
75,
24,
23,
27,
27,
96,
97,
30,
32,
23,
36,
738,
36,
79,
22,
28,
90,
13,
231,
37,
86,
109,
129,
1645,
81,
547,
2307,
35,
2441,
29,
105,
83,
35,
160,
82,
35,
41,
192,
34,
95,
61,
23,
21,
2349,
233,
136,
117,
137,
285,
73,
80,
136,
505,
38,
164,
100,
71,
32,
116,
168,
61,
257,
102,
491,
88,
199,
77,
191,
428,
538,
544,
33,
36,
86,
42,
42,
45,
24,
30,
204,
42,
176,
70,
28,
14,
147,
35,
37,
26,
28,
5,
62,
118,
437,
20,
17,
77,
83,
30,
60,
162,
74,
19,
24,
23,
87,
36,
25,
26,
13,
52,
1737,
35,
60,
58,
60,
58,
58,
89,
328,
59,
58,
57,
60,
26,
32,
36,
34,
32,
504,
108,
185,
252,
152,
23,
30,
26,
44,
41,
41,
45,
37,
44,
42,
6554,
1990,
27,
151,
115,
75,
171,
53,
26,
34,
16,
15,
28,
32,
47,
67,
22,
37,
71,
111,
44,
32,
45,
30,
191,
48,
336,
105,
457,
39,
38,
22,
27,
70,
29,
151,
37,
29,
31,
99,
24,
35,
103,
99,
25,
26,
81,
31,
23,
26,
59,
34,
36,
171,
36,
77,
20,
24,
199,
34,
149,
28,
46,
47,
25,
19,
143,
83,
51,
33,
29,
87,
47,
12,
178,
162,
170,
149,
56,
31,
121,
27,
31,
29,
150,
131,
79,
169,
40,
144,
338,
159,
194,
200,
85,
109,
45,
231,
136,
45,
45,
129,
85,
37,
86,
45,
115,
108,
345,
32,
31,
18,
46,
119,
22,
68,
22,
22,
24,
24,
20,
46,
22,
82,
70,
38,
237,
38,
55,
42,
33,
35,
37,
680,
85,
54,
263,
50,
28,
83,
42,
49,
213,
46,
73,
72,
48,
13,
59,
4,
0,
26,
70,
27,
78,
25,
299,
257,
28,
31,
115,
758,
123,
293,
48,
95,
114,
12,
11,
72,
191,
194,
34,
46,
26,
25,
1091,
22,
43,
20,
114,
24,
24,
20,
39,
37,
83,
24,
27,
51,
21,
1011,
27,
252,
55,
55,
44,
312,
60,
101,
552,
41,
416,
32,
91,
98,
135,
555,
1069,
32,
382,
108,
239,
193,
251,
36,
112,
271,
38,
113,
43,
36,
634,
588,
395,
86,
169,
32,
183,
475,
91,
24,
43,
24,
196,
31,
142,
14,
178,
27,
31,
46,
24,
33,
59,
81,
277,
46,
59,
34,
32,
23,
134,
55,
37,
108,
22,
70,
57,
81,
293,
26,
100,
4,
36,
38,
102,
79,
173,
34,
36,
38,
65,
123,
55,
264,
20,
23,
76,
103,
261,
106,
140,
89,
148,
32,
24,
571,
228,
55,
63,
740,
32,
34,
55,
28,
21,
93,
44,
278,
37,
24,
95,
41,
33,
80,
40,
32,
32,
943,
64,
24,
100,
185,
27,
51,
143,
90,
71,
31,
68,
70,
53,
105,
1,
79,
130,
2,
36,
31,
20,
137,
41,
45,
25,
82,
24,
37,
62,
35,
268,
108,
60,
38,
248,
131,
73,
106,
50,
184,
148,
31,
31,
28,
86,
61,
32,
29,
26,
65,
36,
87,
20,
22,
52,
9,
23,
56,
23,
267,
45,
84,
34,
6,
36,
12,
77,
37,
7,
23,
26,
41,
25,
171,
18,
47,
21,
21,
51,
31,
170,
32,
185,
483,
91,
26,
45,
34,
202,
33,
147,
601,
86,
112,
65,
89,
126,
59,
890,
31,
368,
208,
168,
35,
59,
1595,
50,
31,
80,
36,
141,
269,
34,
43,
34,
178,
181,
196,
621,
240,
46,
63,
979,
41,
602,
421,
3020,
260,
272,
716,
320,
4688,
257,
169,
236,
89,
1014,
46,
166,
71,
825,
149,
694,
72,
1007,
777,
245,
508,
149,
694,
1943,
72,
530,
622,
795,
810,
992,
1588,
299,
151,
693,
34,
41178,
158,
201,
145,
144,
608,
170,
651,
151,
89,
246,
144,
143,
2702,
899,
36,
144,
145,
947,
144,
256,
1400,
370,
1261,
416,
47,
269,
410,
408,
182,
356,
144,
44,
510,
143,
197,
191,
709,
46,
59,
2522,
143,
350,
128,
144,
57,
1070,
22,
563,
13,
99,
432,
120,
66,
13,
46,
1695,
72,
785,
1898,
1900,
204,
4,
810,
1020,
816,
712,
346,
651,
509,
156,
178,
41,
133,
1005,
83,
876,
46,
248,
81,
532,
1406,
143,
141,
145,
233,
143,
56,
144,
142,
143,
50,
596,
334,
56,
196,
143,
388,
52,
226,
142,
96,
1054,
143,
137,
143,
43,
1857,
90,
273,
1697,
326,
76,
222,
439,
144,
1542,
324,
4304,
409,
108,
0,
38,
0,
198,
46,
238,
167,
0,
205,
143,
189,
128,
308,
78,
272,
254,
179,
119,
196,
138,
519,
236,
1065,
4,
697,
128,
27,
297,
122,
249,
117,
88,
856,
172,
848,
31,
239,
95,
1113,
296,
109,
54,
1217,
55,
145,
950,
1643,
16,
2200,
130,
751,
319,
96,
38,
142,
871,
583,
181,
1290,
51,
612,
499,
518,
3113,
144,
1345,
318,
153,
41,
99,
567,
740,
1667,
122,
88,
825,
62,
44,
1097,
137,
823,
341,
46,
117,
1465,
126,
191,
120,
146,
542,
87,
167,
1932,
121,
2094,
54,
960,
1776,
1562,
136,
48,
29,
107,
1487,
134,
58,
419,
1074,
135,
58,
1235,
8566,
363,
14,
931,
179,
395,
883,
817,
319,
730,
75,
6325,
30,
85,
29,
46,
376,
309,
11,
115,
108,
416,
91,
218,
73,
39,
52,
147,
3191,
463,
222,
29,
196,
24,
278,
42,
836,
209,
754,
119,
53,
392,
376,
77,
190,
2060,
261,
616,
539,
11,
129,
2109,
21,
129,
356,
37,
352,
543,
1889,
153,
172,
241,
491,
892,
551,
111,
154,
323,
536,
139,
387,
41,
115,
271,
62,
146,
270,
68,
135,
541,
527,
122,
141,
158,
80,
171,
35,
504,
27,
43,
123,
59,
1226,
387,
1857,
405,
426,
611,
40,
61,
16,
1884,
52,
71,
78,
42,
270,
867,
1029,
75,
166,
63,
49,
61,
54,
46,
262,
45,
212,
932,
636,
166,
81,
495,
2312,
33,
391,
1402,
59,
852,
35,
1321,
1281,
55,
980,
52,
37,
26,
67,
117,
1047,
641,
115,
555,
356,
601,
1775,
91,
982,
399,
190,
1171,
197,
492,
183,
1176,
116,
370,
237,
857,
340,
224,
589,
111,
235,
265,
468,
261,
556,
514,
667,
280,
549,
908,
2437,
596,
473,
1984,
15,
276,
14,
664,
29,
299,
288,
37,
318,
67,
88,
50,
109,
118,
27,
449,
9,
47,
16,
35,
116,
548,
463,
25,
254,
599,
204,
149,
1541,
67,
41,
614,
44,
224,
107,
43,
61,
227,
256,
30,
38,
535,
40,
18,
164,
132,
140,
271,
943,
18,
174,
1271,
582,
96,
495,
1299,
28,
582,
25,
23,
649,
480,
83,
1106,
43,
118,
89,
94,
585,
534,
49,
218,
1194,
38,
1341,
48,
41,
47,
174,
48,
248,
340,
947,
129,
231,
896,
31,
25,
1029,
46,
822,
57,
124,
523,
69,
62,
29,
48,
1396,
380,
374,
81,
593,
82,
30,
368,
276,
92,
284,
68,
32,
113,
227,
156,
108,
345,
202,
192,
15,
39,
47,
76,
227,
33,
236,
97,
463,
80,
46,
107,
34,
246,
14,
40,
116,
208,
101,
318,
20,
33,
66,
175,
34,
3,
29,
23,
0,
38,
33,
235,
40,
435,
492,
380,
39,
146,
181,
175,
894,
4,
59,
153,
39,
512,
56,
36,
276,
220,
429,
384,
805,
91,
61,
55,
565,
15,
9,
179,
33,
277,
99,
53,
56,
12,
190,
71,
331,
112,
40,
25,
82,
40,
35,
167,
923,
250,
57,
164,
800,
1140,
251,
42,
82,
181,
107,
349,
189,
120,
187,
116,
290,
0,
1069,
179,
121,
197,
120,
191,
305,
120,
142,
470,
307,
199,
720,
410,
646,
701,
804,
491,
192,
1686,
312,
1255,
75,
77,
28,
67,
99,
186,
1385,
80,
231,
263,
2291,
182,
183,
23,
177,
184,
179,
186,
182,
161,
1412,
23,
42,
142,
194,
115,
701,
24,
23,
22,
39,
29,
104,
24,
53,
61,
32,
38,
28,
19,
22,
32,
44,
19,
26,
174,
34,
42,
105,
47,
25,
107,
219,
29,
388,
145,
1863,
422,
2100,
40,
81,
25,
45,
86,
398,
41,
68,
183,
180,
309,
49,
189,
467,
38,
113,
353,
405,
699,
34,
33,
38,
110,
2542,
29,
61,
413,
57,
14,
1248,
47,
203,
1628,
1068,
1146,
369,
680,
1874,
26,
3491,
56,
110,
28,
26,
76,
199,
210,
39,
40,
40,
81,
198,
199,
41,
322,
360,
38,
234,
30,
36,
384,
165,
726,
167,
235,
234,
41,
166,
104,
199,
198,
796,
164,
31,
38,
125,
38,
27,
33,
48,
230,
73,
1055,
42,
69,
60,
20,
29,
37,
84,
38,
38,
395,
42,
32,
41,
80,
29,
30,
171,
236,
186,
800,
274,
79,
494,
36,
261,
51,
97,
237,
83,
48,
445,
135,
47,
68,
472,
32,
83,
38,
25,
36,
174,
18,
144,
22,
43,
32,
1448,
663,
511,
76,
45,
370,
951,
54,
27,
28,
31,
31,
1202,
56,
28,
150,
31,
65,
29,
355,
34,
31,
42,
81,
33,
24,
27,
189,
119,
38,
27,
28,
270,
235,
109,
100,
25,
20,
54,
43,
39,
170,
141,
41,
192,
277,
34,
49,
64,
114,
42,
445,
31,
95,
45,
37,
111,
88,
52,
63,
740,
28,
43,
79,
247,
255,
141,
360,
125,
37,
110,
42,
152,
50,
183,
301,
371,
641,
24,
2514,
3686,
155,
259,
56,
175,
335,
278,
59,
200,
85,
281,
99,
2968,
50,
97,
66,
244,
756,
2075,
788,
498,
149,
29,
132,
70,
20,
52,
24,
45,
37,
109,
27,
20,
25,
33,
24,
238,
45,
153,
31,
786,
134,
209,
112,
302,
154,
23,
40,
41,
100,
117,
260,
214,
44,
199,
411,
137,
131,
35,
190,
141,
279,
584,
861,
0,
65,
63,
1780,
17,
56,
43,
72,
36,
48424,
50,
18,
654,
18,
237,
98,
37,
110,
165,
47,
29,
91,
31,
22,
78,
609,
33,
726,
28,
33,
23,
31,
26,
33,
31,
33,
144,
23,
26,
33,
187,
156,
128,
31,
275,
128,
177,
139,
75,
311,
66,
141,
165,
35,
75,
34,
296,
202,
43,
125,
67,
682,
457,
442,
89,
402,
44,
108,
188,
122,
80,
229,
78,
45,
1097,
636,
1414,
61,
254,
215,
55,
282,
665,
2535,
543,
74,
35,
41958,
82,
142,
24,
33,
116,
710,
361,
2772,
35,
80,
71,
30,
38,
40,
836,
372,
469,
72,
164,
41,
251,
4,
393,
0,
316,
44,
356,
449,
128,
297,
647,
0,
79,
124,
81,
195,
541,
17,
88,
71,
219,
61,
31,
340,
205,
405,
250,
482,
437,
83,
49,
29,
457,
140,
47,
69,
463,
979,
53,
121,
24,
20,
57,
43,
40,
57,
84,
26,
104,
26,
85,
660,
93,
38,
36,
143,
32,
227,
104,
815,
201,
838,
66,
449,
27,
31,
33,
26,
39,
287,
514,
39,
874,
45,
1059,
52,
65,
381,
42,
293,
159,
289,
34,
211,
246,
43,
38,
107,
100,
93,
26,
347,
124,
72,
1085,
25,
207,
59,
31,
201,
484,
1902,
248,
1121,
97,
401,
397,
247,
398,
97,
95,
229,
1012,
29,
231,
419,
31,
1610,
24,
1566,
30,
1226,
178,
49,
171,
171,
592,
84,
26,
104,
418,
175,
23,
176,
3235,
179,
157,
87,
1197,
532,
348,
300,
109,
194,
529,
445,
30,
58,
127,
134,
252,
500,
532,
346,
142,
590,
107,
480,
51,
180,
150,
197,
1089,
55,
47,
207,
586,
722,
244,
112,
1588,
173,
51,
899,
928,
178,
259,
36,
143,
1222,
144,
388,
257,
350,
12,
49,
12,
50,
127,
58,
104,
376,
373,
72,
40,
745,
1815,
19,
695,
126,
777,
676,
1090,
255,
1058,
4,
845,
46,
241,
141,
141,
54,
141,
141,
140,
49,
600,
51,
329,
150,
141,
54,
337,
143,
89,
140,
1009,
141,
141,
46,
133,
357,
1950,
89,
77,
485,
223,
142,
40,
1998,
3811,
402,
103,
0,
0,
40,
204,
45,
239,
171,
0,
138,
209,
0,
30650,
321,
188,
126,
316,
334,
259,
239,
121,
187,
140,
508,
240,
1418,
126,
1734,
32,
285,
120,
237,
113,
169,
811,
92,
826,
31,
232,
90,
1076,
296,
53,
213,
66,
87,
148,
91,
135,
348,
1059,
1908,
66,
58,
632,
718,
506,
1038,
111,
549,
157,
139,
179,
69,
46,
414,
269,
75,
139,
537,
529,
114,
65,
251,
148,
42,
35,
374,
202,
28,
41,
43,
126,
67,
1176,
393,
699,
202,
435,
49,
158,
175,
2378,
25,
928,
2480,
3578,
153,
168,
84,
60,
273,
195,
275,
96,
2906,
51,
320,
49,
96,
1055,
65,
292,
217,
968,
505,
552,
111,
110,
296,
460,
368,
240,
399,
649,
292,
37,
387,
37,
51,
38,
145,
40,
767,
199,
76,
35,
115,
536,
240,
25,
577,
148,
1506,
73,
44,
227,
65,
232,
267,
67,
38,
485,
44,
33,
26,
39,
41,
391,
226,
220,
189,
237,
233,
29,
31,
172,
236,
184,
765,
272,
58,
100,
32,
86,
229,
181,
32,
135,
79,
500,
38,
266,
54,
50,
55,
82,
431,
240,
84,
48,
25,
454,
136,
48,
69,
22,
1024,
118,
429,
946,
230,
25,
48,
126,
113,
549,
353,
94,
91,
663,
90,
528,
964,
391,
186,
158,
482,
188,
1156,
114,
367,
229,
330,
858,
222,
113,
591,
230,
260,
469,
548,
531,
515,
644,
231,
170,
5,
113,
254,
1475,
729,
863,
43,
485,
42,
46,
22,
50,
35,
38,
81,
68,
37,
88,
70,
0,
64,
47,
29,
90,
36,
38,
105,
43,
41,
37,
39682,
33,
1414,
50,
31,
108,
1719,
696,
57,
43,
86,
39,
40,
43,
146,
43,
122,
33,
980,
829,
89,
49,
0,
63,
63,
37,
96,
41,
25,
69,
555,
30,
691,
28,
152,
41,
33,
31,
756,
211,
112,
23,
31,
97,
510,
37,
415,
35,
18,
25,
67,
41,
43,
76,
26,
55,
26,
31,
33,
144,
23,
195,
22,
33,
197,
93,
46,
46,
30,
270,
70,
164,
32,
153,
38,
283,
55,
81,
52,
73,
271,
78,
286,
93,
27,
24,
30,
43,
42,
37,
43,
47,
14243,
15,
34,
41,
125,
416,
158,
85,
97,
231,
394,
45,
223,
60,
16,
1345,
92,
464,
15,
132,
578,
25892,
89,
44,
2,
1819,
418,
49,
23,
24,
33,
24,
86,
464,
54,
197,
48,
330,
168,
44,
331,
44,
40,
40,
133,
285,
422,
200,
347,
534,
66,
110,
392,
82,
36,
35,
46,
38,
37,
34,
1288,
80,
339,
33,
132,
528,
298,
133,
38,
33367,
68,
30,
98,
185,
1003,
776,
487,
25,
152,
690,
34,
33,
48,
37,
74,
103,
97,
512,
1522,
40,
36,
1368,
1255,
544,
24,
42,
222,
41,
625,
187,
15,
43,
551,
390,
96,
1239,
297,
28,
29,
1208,
1103,
89,
92,
943,
35,
437,
346,
25,
66,
142,
140,
333,
244,
309,
42,
40,
113,
187,
120,
242,
112,
170,
807,
93,
829,
31,
232,
92,
1070,
281,
388,
141,
600,
141,
317,
143,
141,
141,
46,
223,
1780,
89,
77,
215,
430,
142,
40,
307,
3832,
390,
103,
0,
0,
188,
47,
227,
159,
0,
333,
0,
180,
129,
292,
74,
260,
240,
170,
139,
497,
4,
224,
1011,
664,
127,
285,
32,
29,
37,
39,
180,
39,
516,
28,
26,
76,
140,
37,
125,
506,
64,
169,
321,
66,
685,
1688,
421,
560,
154,
55,
273,
49,
96,
1457,
65,
219,
50,
26,
25,
5,
49,
41,
38,
39579,
53,
50,
31,
46,
371,
133,
150,
100,
64,
15,
25,
26,
49,
37,
96,
41,
37,
425,
41,
27,
33,
31,
33,
145,
23,
26,
195,
22,
33,
196,
37,
341,
35,
332,
542,
203,
578,
44,
61,
230,
267,
30,
38,
487,
982,
24,
644,
493,
72,
87,
40,
354,
909,
56,
176,
171,
174,
1299,
758,
134,
207,
113,
31,
40,
43,
286,
75,
211,
112,
36,
71,
553,
30,
693,
38,
6934,
521,
120,
1295,
4991,
272,
7028,
1535,
77,
178,
150,
798,
45,
882,
49,
5599,
144,
985,
2867,
1446,
5409,
4254,
879,
128,
3332,
126,
913,
440,
651,
1336,
50,
662,
217,
931,
704,
376,
1498,
285,
615,
238,
950,
5604,
382,
193,
258,
26,
618,
117,
126,
515,
123,
986,
2082,
766,
3951,
76,
400,
54,
1966,
97,
134,
37,
1197,
762,
396,
1355,
32,
43,
45,
99,
274,
120,
99,
104,
28,
2377,
450,
6302,
1098,
35,
170,
42,
144,
53,
861,
53,
2279,
5993,
1026,
842,
1791,
203,
21,
84,
123,
109,
271,
1589,
317,
701,
193,
1036,
224,
166,
138,
133,
28,
1038,
222,
66,
168,
1454,
75,
672,
393,
1832,
56,
284,
30,
153,
152,
162,
40,
40,
35,
33,
73,
32,
53,
39,
108,
106,
29,
798,
4511,
678,
190,
448,
139,
85,
248,
769,
119,
40,
794,
561,
155,
43,
631,
979,
180,
103,
193,
354,
37,
368,
150,
48,
50,
33,
24,
267,
81,
150,
133,
25,
417,
53,
157,
72,
231,
337,
103,
143,
372,
23,
341,
36,
35,
26,
40,
45,
2128,
86,
7,
831,
69,
2294,
155,
45,
427,
58,
70,
146,
22,
70,
30,
232,
1425,
20,
23,
72,
173,
32,
736,
66,
73,
983,
37,
114,
324,
46,
118,
690,
247,
366,
560,
98,
1394,
540,
36,
142,
41,
358,
864,
2292,
49,
351,
565,
289,
37,
48,
341,
265,
58,
68,
82,
103,
435,
175,
658,
348,
78,
1212,
81,
29,
36,
23,
29,
152,
34,
167,
34,
250,
266,
305,
613,
324,
24,
427,
866,
29,
13,
24,
534,
597,
35,
70,
163,
147,
42,
104,
237,
43,
150,
62,
26,
29,
150,
37,
129,
237,
28,
79,
79,
52,
1747,
9,
121,
149,
34,
26,
82,
53,
1619,
55,
1217,
866,
2861,
247,
48,
49,
69,
25,
347,
100,
24,
265,
103,
119,
26,
24,
7,
29,
33,
191,
63,
166,
104,
84,
40,
33,
34,
43,
29,
69,
859,
23,
13,
37,
497,
49,
117,
119,
181,
330,
829,
78,
196,
203,
130,
34,
81,
12,
34,
126,
43,
35,
167,
183,
33,
179,
42,
33,
29,
45,
189,
224,
73,
79,
92,
321,
487,
465,
517,
342,
389,
47,
45,
44,
2092,
134,
92,
80,
88,
130,
229,
65,
384,
237,
115,
42,
222,
74,
55,
90,
221,
46,
105,
67,
59,
220,
119,
36,
222,
43,
18,
562,
377,
94,
557,
109,
1297,
53,
371,
62,
400,
278,
130,
417,
56,
222,
262,
23,
71,
56,
577,
53,
375,
2068,
265,
136,
10,
144,
322,
258,
94,
44,
248,
192,
116,
508,
43,
564,
452,
79,
1070,
149,
80,
39,
100,
1559,
42,
299,
117,
132,
128,
513,
677,
500,
1543,
222,
286,
3205,
50,
48,
763,
58,
68,
76,
54,
1022,
20,
864,
279,
100,
288,
822,
954,
52,
433,
48,
99,
50,
40,
445,
373,
311,
872,
194,
132,
60,
389,
371,
119,
704,
71,
353,
124,
58,
40,
157,
178,
804,
295,
211,
0,
157,
90,
154,
425,
481,
468,
72,
87,
275,
648,
224,
219,
246,
104,
49,
459,
45,
36,
185,
98,
533,
357,
398,
46,
212,
38,
466,
1080,
90,
248,
37,
363,
4,
80,
40,
2867,
386,
0,
313,
43,
216,
354,
444,
296,
643,
0,
78,
193,
538,
17,
89,
124,
70,
161,
202,
202,
394,
241,
479,
426,
170,
657,
43,
109,
70,
461,
28610,
315,
60,
122,
44,
495,
900,
36,
24,
135,
21,
27,
161,
80,
273,
70,
87,
154,
260,
37,
85,
274,
170,
1358,
116,
57,
98,
34,
490,
319,
226,
73,
1859,
114,
176,
905,
59,
1471,
225,
311,
1441,
45,
522,
729,
877,
216,
207,
56,
623,
1464,
500,
53,
79,
211,
219,
56,
150,
2531,
451,
289,
51,
89,
393,
47,
48,
45,
388,
275,
27,
277,
889,
34,
359,
618,
79,
434,
398,
926,
1071,
145,
588,
162,
183,
616,
133,
453,
760,
582,
247,
347,
4,
93,
91,
47,
72,
19,
46,
1900,
178,
16,
19,
44,
19,
165,
1249,
56,
237,
640,
125,
300,
67,
47,
1535,
895,
185,
17,
90,
97,
84,
165,
278,
243,
27,
211,
72,
78,
55,
67,
248,
187,
504,
509,
47,
210,
33,
43,
307,
62,
155,
276,
95,
301,
629,
120,
26,
90,
347,
248,
10,
387,
92,
41,
192,
44,
236,
243,
195,
63,
38,
432,
61,
36,
35,
110,
772,
224,
206,
154,
106,
154,
32,
34,
36,
181,
95,
205,
438,
163,
96,
822,
246,
291,
235,
28,
324,
34,
127,
402,
130,
155,
359,
322,
32,
83,
154,
55,
116,
394,
119,
234,
39,
47,
122,
46,
173,
27,
344,
1556,
48,
636,
23,
360,
81,
61,
1396,
126,
443,
1029,
129,
381,
38,
47,
146,
39,
49,
69,
172,
240,
106,
59,
507,
170,
545,
827,
330,
32,
29,
236,
1142,
79,
41,
471,
180,
161,
437,
2954,
334,
404,
28,
197,
235,
31,
103,
42,
204,
206,
323,
47,
469,
216,
82,
111,
67,
86,
459,
38,
381,
129,
1,
50,
58,
180,
155,
85,
286,
49,
597,
91,
599,
47,
68,
46,
205,
391,
275,
287,
309,
184,
64,
539,
170,
93,
42,
1125,
27,
92,
119,
432,
31,
3072,
791,
588,
185,
77,
275,
549,
33,
39,
24,
17,
44,
91,
293,
56,
23,
45,
17,
36639,
28,
337,
27,
35,
110,
25,
34,
66,
42,
14,
43,
14,
45,
346,
95,
18,
39,
30,
39,
38,
225,
166,
48,
253,
51,
329,
95,
1398,
348,
129,
94,
40,
138,
35,
242,
33,
33,
32,
33,
109,
131,
2,
108,
6,
730,
340,
82,
52,
101,
905,
16,
330,
484,
180,
519,
78,
156,
161,
282,
328,
58,
47,
190,
494,
653,
42,
272,
22,
408,
1332,
325,
19,
41,
42,
210,
54,
539,
59,
190,
276,
96,
610,
538,
195,
83,
30,
992,
992,
31,
355,
603,
395,
122,
863,
874,
41,
782,
124,
77,
42,
42,
1,
1412,
68,
36,
31,
33,
40,
34,
83,
28,
28,
37,
51,
212,
29,
35,
27,
52,
33,
460,
35,
100,
786,
631,
184,
114,
36,
217,
196,
394,
1021,
100,
38,
61,
211,
32,
240,
77,
41,
61,
128,
329,
90,
39,
145,
4,
60,
392,
87,
510,
177,
28,
37,
37,
409,
134,
121,
433,
34,
627,
64,
625,
64,
122,
157,
494,
83,
100,
73,
78,
33,
202,
40,
139,
64,
439,
489,
354,
79,
299,
119,
140,
29,
61,
123,
29,
151,
34,
186,
25,
70,
153,
20,
52,
154,
26,
732,
27,
37,
106,
69,
24,
118,
292,
75,
62,
45,
25,
57,
191,
404,
313,
49,
128,
104,
465,
43,
156,
55,
129,
106,
40,
288,
32,
37,
109,
1913,
54,
96,
54,
83,
390,
3,
21,
36,
67,
25,
45,
175,
37,
50,
64,
129,
68,
21,
405,
190,
27,
19,
24,
23,
38,
254,
19,
510,
30,
46,
64,
36,
25,
78,
11,
132,
132,
852,
37,
46,
97,
252,
80,
699,
47,
275,
0,
36,
44,
45,
211,
250,
53,
181,
36,
38,
129,
260,
197,
48,
132,
168,
18,
53,
162,
136,
14,
36,
45,
341,
249,
18,
40,
38,
495,
41,
41,
852,
84,
25,
1266,
21,
36,
38,
34,
38,
48,
341,
140,
62,
131,
58,
35,
548,
88,
193,
233,
181,
215,
179,
77,
113,
35,
72,
35,
42,
178,
61,
58,
674,
45,
279,
403,
205,
167,
523,
42,
36,
36,
419,
38,
38,
649,
1159,
67,
44,
279,
91,
666,
35,
449,
401,
26,
14,
384,
23,
45,
59,
258,
214,
40,
192,
410,
137,
89,
384,
39,
191,
141,
664,
273,
584,
860,
22,
25,
38,
58,
26,
147,
21,
27,
28,
17,
46,
18,
41,
31,
17,
66,
16,
399,
41,
97,
63,
103,
28,
40,
114,
45,
406,
9,
38,
230,
50,
54,
46,
711,
128,
5,
96,
403,
131,
26,
307,
91,
209,
26,
776,
250,
401,
275,
32,
174,
554,
54,
56,
139,
142,
45,
198,
26,
36,
140,
30,
175,
39,
37,
74,
55,
54,
73,
414,
133,
45,
66,
444,
896,
337,
124,
226,
47,
25,
436,
38,
25,
119,
628,
35,
334,
200,
325,
101,
1037,
43,
35,
107,
678,
451,
190,
125,
70,
26,
67,
443,
40,
37,
112,
41,
130,
27,
21,
81,
612,
626,
154,
98,
0,
63,
59,
53,
39,
100,
23,
104,
32,
14,
84,
75,
22,
24,
21,
43,
33,
87,
65,
26,
31,
33,
144,
23,
39,
280,
27,
32,
25,
121,
115,
178,
309,
114,
112,
2785,
28,
251,
118,
688,
848,
78,
259,
489,
1343,
14,
26,
955,
35,
543,
40,
39,
399,
76,
116,
151,
25,
79,
26,
182,
547,
729,
36,
116,
834,
79,
202,
236,
104,
122,
230,
32,
667,
204,
174,
341,
41,
286,
167,
498,
65,
28119,
922,
769,
2059,
39,
103,
134,
316,
46,
29,
110,
201,
1244,
48,
88,
179,
329,
243,
28,
82,
93,
150,
11,
76,
128,
688,
1393,
57,
2080,
263,
505,
460,
298,
63,
35,
153,
45,
74,
66,
72,
33,
104,
591,
137,
877,
221,
178,
72,
71,
392,
58,
26,
625,
171,
35,
271,
99,
53,
56,
16,
188,
71,
676,
330,
111,
68,
24,
562,
78,
36,
1035,
122,
114,
756,
235,
461,
952,
241,
554,
202,
31,
613,
50,
72,
59,
1049,
1788,
40,
605,
770,
121,
77,
351,
82,
95,
51,
41,
40,
2627,
90,
61,
2238,
191,
399,
964,
2945,
250,
45,
1649,
30,
203,
243,
130,
349,
718,
583,
66,
517,
86,
370,
392,
1445,
355,
1145,
974,
189,
73,
116,
30,
125,
303,
2102,
30,
625,
506,
858,
32,
796,
733,
35,
122,
891,
1118,
35,
6,
313,
1509,
1381,
38,
29,
583,
788,
1953,
186,
39,
122,
994,
547,
569,
48,
86,
47,
74,
665,
23,
33,
1293,
46,
123,
2736,
148,
837,
254,
173,
83,
129,
499,
73,
41,
226,
73,
61,
204,
109,
419,
919,
1785,
2880,
79,
33,
30,
219,
411,
81,
727,
160,
1140,
273,
4990,
232,
90,
15,
38,
38,
31,
43,
30,
486,
87,
176,
43,
331,
351,
204,
344,
91,
3391,
2086,
749,
41,
200,
531,
147,
204,
206,
120,
347,
299,
109,
938,
413,
728,
896,
71,
116,
255,
389,
514,
258,
114,
180,
324,
74,
187,
286,
781,
394,
674,
806,
51,
169,
0,
316,
571,
178,
95,
177,
172,
173,
75,
23,
289,
1016,
1134,
174,
320,
169,
3187,
177,
172,
156,
54,
1181,
37,
32,
33,
170,
116,
1412,
209,
183,
270,
170,
113,
37,
272,
316,
33,
198,
191,
225,
34,
142,
143,
171,
2871,
397,
141,
216,
34,
90,
170,
169,
778,
199,
127,
134,
34,
79,
457,
1727,
28,
513,
71,
171,
965,
815,
681,
173,
715,
1143,
223,
25,
519,
618,
285,
1446,
14,
26,
45,
32,
86,
222,
282,
387,
437,
141,
229,
679,
242,
244,
264,
282,
250,
350,
438,
244,
143,
178,
510,
189,
348,
203,
140,
141,
100,
372,
256,
1060,
496,
1741,
141,
142,
0,
140,
323,
1120,
194,
140,
44,
142,
140,
118,
139,
49,
598,
51,
333,
148,
140,
141,
336,
89,
139,
997,
140,
138,
45,
353,
89,
140,
76,
413,
282,
141,
40,
317,
3739,
399,
102,
0,
0,
40,
204,
47,
238,
137,
171,
211,
0,
0,
319,
186,
127,
260,
316,
73,
257,
237,
121,
185,
140,
503,
239,
1401,
1714,
125,
32,
280,
118,
238,
88,
31,
927,
169,
801,
233,
90,
1062,
294,
26,
18,
18,
23,
21,
210,
351,
997,
90,
853,
16,
18,
209,
18,
86,
211,
24,
563,
35,
296,
60,
1031,
210,
46,
2104,
910,
108,
516,
18,
181,
77,
52,
47,
1805,
71,
110,
107,
1408,
531,
44,
331,
43,
26,
611,
726,
43,
98,
108,
817,
43,
83,
70,
185,
85,
641,
64,
319,
721,
37,
29,
184,
1048,
5979,
719,
802,
343,
876,
115,
498,
32,
236,
81,
75,
14,
42,
42,
25,
36,
26,
46,
493,
596,
799,
735,
120,
671,
33,
71,
164,
462,
301,
45,
618,
28,
366,
28,
21,
20,
210,
21,
32,
16,
43,
96,
251,
41,
20,
43,
57,
263,
212,
44,
2679,
404,
137,
42,
189,
141,
654,
282,
578,
859,
32,
34,
34,
31,
56,
28,
26,
40,
66,
27,
31,
364,
33,
28,
40,
83,
34,
24,
27,
175,
114,
39,
411,
214,
222,
95,
366,
65,
940,
25,
51,
116,
21,
45,
55,
36,
92,
1305,
17,
56,
26,
25,
22,
98,
22,
33,
32,
514,
20,
134,
31,
39,
19,
33,
43,
28,
17,
577,
41,
103,
96,
15,
25,
336,
143,
109,
115,
16,
243,
30,
285,
75,
37,
233,
383,
300,
37,
50,
93,
90,
36,
66,
56,
142,
37,
754,
248,
195,
77,
35,
114,
329,
526,
522,
237,
22,
203,
564,
149,
1491,
69,
44,
223,
57,
228,
261,
65,
38,
482,
920,
22,
49,
19,
573,
28,
40,
720,
244,
40,
114,
552,
86,
44,
138,
93,
295,
30,
24,
45,
203,
31,
37,
41,
177,
169,
35,
4,
60,
155,
514,
401,
82,
87,
125,
965,
694,
1771,
79,
707,
43,
262,
633,
33,
32,
46,
47,
35,
187,
11,
307,
435,
1227,
48,
81,
683,
24,
18,
54,
53,
81,
187,
386,
42,
64,
294,
278,
42,
38,
111,
332,
381,
34,
38,
34,
109,
115,
339,
433,
87,
46,
43,
627,
44,
1558,
81,
73,
27,
28,
24,
76,
26,
50,
31,
31,
24,
27,
22,
29,
41,
43,
34,
181,
59,
105,
42,
31,
46,
25,
51,
33,
38,
81,
68,
37,
88,
73,
0,
66,
37,
79,
29,
89,
33,
29,
31,
277,
854,
39,
479,
1607,
425,
47,
62,
52,
162,
254,
55,
183,
266,
88,
2745,
49,
312,
47,
91,
1027,
63,
278,
211,
947,
499,
548,
41,
105,
25,
5,
42,
41,
37,
37662,
33,
50,
31,
472,
181,
37,
798,
77,
135,
281,
160,
275,
26,
32,
29,
23,
134,
31,
14,
132,
37,
408,
25,
130,
103,
77,
26,
33,
1292,
39,
109,
195,
79,
110,
472,
29,
137,
70,
53,
154,
25,
45,
27,
37,
112,
20,
298,
25,
33,
234,
45,
75,
154,
31,
750,
208,
112,
292,
151,
25,
41,
151,
100,
118,
42,
25,
87,
48,
29,
41,
32,
37,
95,
39,
55,
71,
565,
30,
684,
31,
33,
144,
23,
26,
33,
193,
88,
43,
52,
37,
11,
95,
43,
552,
865,
30,
294,
1730,
582,
1005,
88,
267,
652,
397,
1185,
474,
506,
2069,
260,
93,
105,
36,
1261,
206,
70,
404,
91,
188,
247,
1251,
68,
42,
38,
113,
337,
386,
664,
34,
35,
37,
114,
2527,
30,
62,
342,
190,
299,
281,
79,
53,
64,
705,
82,
1323,
29,
87,
40,
461,
42,
49,
460,
130,
40,
96,
33,
45,
644,
298,
128,
28,
76,
236,
853,
78,
39,
806,
408,
345,
275,
461,
118,
647,
230,
532,
282,
426,
2044,
48,
292,
94,
38,
35,
580,
231,
307,
30,
38,
487,
3806,
237,
345,
44,
231,
35,
386,
36,
287,
564,
55,
77,
115,
890,
239,
24,
149,
1505,
73,
64,
377,
152,
395,
46,
93,
1198,
117,
176,
928,
150,
75,
828,
189,
3263,
791,
710,
683,
816,
180,
96,
179,
170,
175,
76,
23,
293,
1030,
1149,
251,
171,
3289,
179,
174,
157,
54,
39,
64,
62,
10,
27,
30565,
65,
396,
482,
41,
277,
628,
23,
40,
42,
75,
70,
106,
153,
44,
40,
39,
49,
1953,
1062,
65,
292,
492,
215,
678,
2290,
508,
561,
63,
154,
202,
435,
555,
2135,
25,
933,
2476,
3573,
55,
166,
82,
57,
191,
273,
274,
95,
2881,
50,
316,
96,
125,
55,
110,
26,
32,
70,
20,
152,
26,
45,
27,
37,
113,
20,
305,
25,
33,
24,
240,
45,
118,
156,
53,
80,
34,
138,
803,
28,
29,
29,
723,
101,
124,
48,
103,
370,
121,
80,
76,
82,
241,
51,
58,
40,
2706,
52,
423,
996,
255,
45,
1569,
182,
81,
33,
31,
303,
361,
30,
670,
855,
32,
825,
1701,
893,
1115,
1802,
431,
945,
230,
25,
49,
113,
96,
1429,
352,
656,
89,
524,
965,
408,
288,
157,
482,
184,
1145,
113,
364,
231,
330,
855,
220,
107,
590,
228,
260,
463,
544,
527,
513,
733,
645,
170,
5,
111,
252,
1391,
26,
65,
222,
1060,
83,
90,
907,
84,
492,
24,
596,
35,
306,
707,
222,
46,
2012,
958,
114,
248,
18,
0,
100,
32,
85,
222,
588,
173,
489,
40,
33,
35,
37,
45,
489,
378,
39,
570,
28,
37,
40,
141,
179,
35,
79,
5017,
1418,
4,
60,
151,
503,
150,
350,
203,
142,
49,
51,
336,
144,
143,
89,
1009,
141,
46,
133,
223,
89,
76,
223,
142,
38,
424,
103,
0,
0,
40,
204,
47,
239,
171,
0,
138,
211,
0,
188,
129,
260,
316,
74,
260,
240,
121,
187,
140,
507,
240,
1418,
126,
1736,
32,
281,
120,
241,
113,
170,
811,
829,
31,
233,
90,
1077,
295,
141,
141,
142,
612,
141,
337,
141,
34,
143,
43,
354,
144,
177,
428,
511,
256,
190,
2454,
141,
1014,
103,
372,
71,
1810,
620,
254,
1767,
142,
143,
508,
1344,
54,
44,
143,
141,
149,
142,
54,
140,
321,
44,
212,
32,
395,
219,
225,
34,
40,
218,
31,
56,
28,
26,
124,
65,
26,
32,
28,
33,
42,
84,
30,
23,
27,
187,
114,
41,
25,
295,
156,
92,
30,
744,
74,
43,
202,
100,
40,
577,
97,
47,
75,
42,
40,
2791,
152,
854,
263,
182,
43,
131,
498,
71,
79,
33,
29,
230,
186,
93,
777,
1168,
275,
36,
36,
34,
38,
78,
66,
38,
84,
70,
0,
64,
37,
47,
29,
87,
26,
242,
41,
37,
38751,
28,
35,
104,
40,
36,
37,
96,
82,
33,
1424,
31,
172,
232,
184,
765,
270,
35,
35,
24,
29,
17,
38,
55,
26,
22,
22,
21,
59,
32,
5718,
519,
31,
18,
21,
132,
31,
41,
19,
33,
41,
28,
17,
598,
41,
103,
15,
99,
64,
25,
342,
144,
125,
972,
41,
34,
36,
183,
170,
71,
34,
272,
28,
225,
34,
171,
143,
142,
199,
198,
141,
34,
123,
170,
169,
756,
783,
346,
30,
58,
404,
134,
45,
200,
208,
27,
43,
629,
25,
56,
31,
52,
50,
73,
31,
696,
26,
47,
855,
38,
484,
31,
33,
144,
51,
32,
116,
55,
33,
94,
505,
23,
26,
197,
49,
36,
37,
31,
1922,
36,
23,
438,
86,
51,
41,
780,
181,
36,
115,
33,
196,
54,
108,
105,
1436,
745,
94,
81,
184,
392,
70,
47,
72,
373,
887,
417,
726,
31,
192,
81,
74,
36,
179,
250,
24,
56,
122,
31,
23,
134,
25,
28,
24,
73,
38,
35,
9,
61,
60,
143,
42,
35,
37,
368,
85,
426,
22,
83,
424,
434,
74,
72,
104,
586,
130,
872,
221,
141,
26,
71,
403,
11,
15,
678,
273,
99,
53,
56,
16,
189,
71,
331,
111,
27,
78,
36,
114,
236,
460,
954,
211,
549,
120,
299,
109,
43,
207,
282,
91,
154,
41,
658,
38,
103,
77,
705,
40,
39,
112,
42,
79,
41,
288,
440,
67,
22,
19,
116,
56,
256,
208,
42,
194,
137,
38,
189,
141,
651,
582,
858,
148,
30,
756,
112,
0,
60,
62,
1682,
13,
826,
48,
28,
41,
32,
37,
855,
46,
193,
179,
79,
31,
52,
396,
148,
78,
63,
125,
495,
218,
170,
110,
2124,
46,
30,
55,
109,
37,
28,
31,
38,
195,
44,
58,
139,
32,
23,
26,
37,
170,
44,
29,
28,
39,
39,
101,
102,
106,
211,
57,
34,
352,
76,
25,
874,
39,
31,
30,
29,
44,
28,
36,
35,
58,
28,
24,
30,
28,
76,
103,
177,
36,
222,
34,
51,
34,
84,
143,
56,
29,
93,
42,
269,
131,
68,
32,
139,
32,
77,
364,
137,
30,
26,
32,
54,
33,
446,
56,
94,
0,
32,
45,
24,
37,
77,
17,
58,
50,
91,
549,
31,
76,
51,
208,
26,
37,
152,
277,
21,
22,
69,
99,
55,
37,
50,
119,
59,
24,
57,
23,
27,
100,
92,
32,
19,
13,
79,
76,
46,
98,
34,
79,
23,
35,
29,
31,
102,
35,
18,
24,
25,
40,
32,
28,
53,
35,
135,
26,
173,
898,
64,
38,
63,
246,
234,
20,
