Chart-1,30-1,30-5,30-8,30-23,30-24,30-41,30-50,30-65,30-66,30-126,30-175,30-244,30-260,30-281,30-324,30-347,30-363,30-372,35-3,35-4,35-92
Chart-5,0-752,1-10,1-769,2-19,2-29,2-41,2-84,2-86,2-89,2-100,2-101,2-144,2-160,2-177,2-179,2-190,2-191,2-192,2-207,2-217,2-223,2-263,2-267,2-271
Chart-6,18-40
Chart-8,0-12,6-1
Chart-9,13-4,13-8,13-31,13-38,13-93,13-131,14-38,14-74
Chart-11,3-3,3-13,3-192,4-1,4-19
Chart-12,4-8,4-14,4-144,4-164,4-327,4-342
Chart-13,3-91,3-142,3-165,3-225,3-243
Chart-15,9-43
Chart-17,3-24,3-57,3-84,3-90,3-115,3-117,3-163,3-257
Chart-21,7-246
Chart-24,1-658,2-73,2-155,2-184,2-893,2-1034
Chart-25,9-16,9-27,9-43,9-69,9-71,9-92,9-232,9-235,9-248,9-279,9-297,9-313,9-321,10-18,10-89,10-278,10-340,11-122,12-277,12-292,20-48,20-85,20-89,20-131,20-193,20-224,20-234,20-249,20-261,21-36,21-60,21-90,21-100,21-104,21-116,21-152,21-227,21-243,21-249,21-252,21-274,21-304,21-313,25-418,25-441,25-646,25-651,25-715,25-722
Chart-26,0-41,0-89
Closure-7,1-377,1-388,1-409,1-565,1-679,4-1,4-11,4-18,4-51,4-84,4-169,4-180,4-331
Closure-13,24-18,24-30,24-84
Closure-19,0-5,0-26,0-69
Closure-21,1-2,2-7,2-16,2-219,2-375,2-384,2-493,2-516,4-59,4-103,4-143,4-244,4-292,4-316,4-367,4-368,4-385,4-408,4-414,4-422,5-3,5-12,5-20,5-22,5-27,5-28,5-32,5-40,5-43,5-47,5-50,5-96,5-97,5-98,5-100,5-106,5-112,5-117,5-121,5-127,5-136,5-146,5-149,5-162,5-163,5-164,5-168,5-169,5-171,5-175,5-180,5-183,5-184,5-191,5-193,5-195,5-198,5-199,5-203,5-206,5-212,5-213,5-222,5-230,5-235,5-237,5-240,5-256,5-258,5-259,5-263,5-285,5-288,5-292,5-293,5-298,5-313,5-315,5-322,5-327,5-332,5-334,5-338,5-362,5-382,5-395,5-398,5-399,5-407,5-408,5-411,5-419,5-422,5-424,5-425,5-428,5-435,5-436,5-447,5-452,5-453,5-454,5-455,5-467,5-477,5-478,5-481,5-482,5-495,5-502,5-504,5-516,5-546,5-547,5-550,5-553,5-587,5-595,5-600,5-603,5-620,5-675,5-696,5-711,5-716,5-764,5-835,5-880,7-2,7-26,7-48,7-49,7-57,7-59,7-61,7-90,7-93,7-95,7-109,7-123,7-126,7-145,7-174,7-203,7-244,7-276,7-279,7-281,7-294,7-308,7-322,7-324,7-340,7-349,7-358,7-384,7-394,7-396,7-399,7-407,7-512,7-513,7-563
Closure-22,1-6,1-12,1-59,1-85,2-35,4-26,4-28,4-33,4-36,4-37,4-40,4-41,4-50,4-54,4-60,4-62,4-77,4-88,4-100,4-107,4-117,4-119,4-126,4-130,4-141,4-146,4-147,4-164,4-203,4-205,4-209,4-210,4-217,4-234,4-235,4-249,4-256,4-259,4-268,4-270,4-283,4-288,4-289,4-298,4-302,4-305,4-315,4-348,4-384,4-429,4-432,4-435,4-489,4-505,5-56,5-279,5-349,5-369,5-429,5-442,7-22,7-34,7-60,7-77,7-82,7-236,7-362,8-7,8-13,8-18,8-36,8-38,8-44,8-50,8-70,8-86,8-89,8-90,8-102,8-115,8-126,8-129,8-131,8-136,8-153,8-156,8-160,8-161,8-164,8-165,8-185,8-191,8-200,8-202,8-208,8-213,8-220,8-221,8-238,8-240,8-242,8-244,8-249,8-251,8-265,8-268,8-272,8-274,8-277,8-297,8-310,8-313,8-325,8-338,8-339,8-348,8-350,8-351,8-353,8-357,8-365,8-366,8-372,8-374,8-379,8-381,8-392,8-393,8-408,8-411,8-412,8-414,8-418,8-437,8-438,8-449,8-455,8-457,8-459,8-460,8-467,8-468,8-481,8-485,8-489,8-493,8-518,8-523,8-541,8-550,8-552,8-572,8-623,8-663,8-758,8-785,8-789,9-12,9-17,9-31,9-61,9-63,9-64,9-66,9-71,9-86
Closure-31,2-18,2-30,2-84
Closure-33,0-4
Closure-46,5-4,5-5,5-17,5-52,5-69,5-97,5-100,5-130,5-159,5-170,5-197,5-246,5-256,5-298,5-323,5-328,5-343,5-376,5-446
Closure-57,6-6
Closure-62,3-257
Closure-63
Closure-66,0-4,0-9,0-55,0-106,0-116,0-123,0-195,0-205,0-275,0-312,0-377,12-1,12-4,12-6,12-10,12-38,12-59,12-63,12-86,12-91,12-94,12-96,12-99,12-113,12-123
Closure-73,15-27,15-189,15-208,15-252,15-361,15-401,15-643
Closure-86,1-16,1-47,1-55,1-60,1-64,1-71,1-78,1-79,1-87,1-106
Closure-92,14-191,14-235,14-242,14-266,14-285,15-1,15-10
Closure-93
Closure-112,38-620
Closure-113,25-1182
Closure-115,7-100
Closure-120,2-14,2-44,2-78
Closure-121,2-14,2-44,2-78
Closure-128,24-463
Closure-129,0-7,5-14,5-44,5-78
Lang-4,14-3,14-276
Lang-13,1-139,1-735
Lang-16,26-417
Lang-22,25-52,25-63,25-76,25-81,25-106,25-119,25-125,25-135,25-138,25-145,25-154,25-250,25-266,25-330,25-345,25-373,25-406,25-424,25-439,25-460,25-472,25-475,25-492,25-584,25-699,25-717,25-917,25-968
Lang-29,0-2
Lang-31,3-51
Lang-32,14-18
Lang-33,5-24,6-30
Lang-37,5-238
Lang-38,2-120,2-537
Lang-39,25-22,25-36,25-58,25-94,25-129,25-131,25-221,25-222,25-256,25-307,26-5,26-7,26-11,26-15,26-16,26-30,26-33,26-34,26-39,26-43,26-45,26-48,26-49,26-54,26-59,26-60,26-61,26-65,26-66,26-68,26-75,26-78,26-83,26-85,26-88,26-98,26-99,26-109,26-112,26-113,26-119,26-124,26-127,26-130,26-141,26-143,26-148,26-149,26-151,26-152,26-153,26-177,26-178,26-186,26-192,26-194,26-200,26-204,26-208,26-212,26-213,26-216,26-217,26-219,26-230,26-231,26-234,26-237,26-247,26-258,26-267,26-270,26-271,26-272,26-281,26-301,26-324,26-340,26-342,26-345,26-353,26-359,26-383,26-389,26-391,26-400,26-407,26-412,26-421,26-425,26-426,26-427,26-431,26-433,26-436,26-438,26-484,26-488,26-493,26-509,26-515,26-529,26-538,26-540,26-603,26-625,26-733,26-761,26-848,26-886
Lang-43,0-615,1-13,5-47
Lang-44,3-476,11-52,12-283,12-402,17-88,17-159,17-181,17-213
Lang-45,1-274,9-60,9-61,9-88,9-147,9-153,9-177
Lang-46,0-9
Lang-51,8-22,8-27,8-36,8-43,8-75,8-109,8-129,8-153,8-155,8-165,9-92,9-111,9-112,11-17,11-31,11-55,11-400
Lang-55,6-23
Lang-57,5-35,5-111,5-303
Lang-58,0-23,0-98,0-463,0-477,0-568,19-153,19-176,19-203,25-23,25-92,25-208,25-291,25-331,25-523,25-574,25-723
Lang-59,0-40,0-198,2-126,2-344
Lang-60,23-255
Lang-61,20-50,20-200
Lang-63,4-9,4-19,4-29,4-33,4-47,4-75,4-79,4-80,4-106,4-113,4-124,4-154,4-156,4-175,4-178,4-245,4-251,4-265,4-266,4-302,5-3,5-9,5-12,5-15,5-26,5-28,5-30,5-35,5-51,5-60,5-66,5-72,5-75,5-76,5-78,5-79,5-82,5-87,5-92,5-94,5-106,5-116,5-123,5-129,5-133,5-136,5-140,5-143,5-145,5-153,5-162,5-164,5-167,5-172,5-178,5-179,5-180,5-181,5-184,5-191,5-198,5-202,5-218,5-219,5-223,5-225,5-228,5-233,5-236,5-238,5-244,5-247,5-255,5-260,5-265,5-268,5-272,5-274,5-283,5-288,5-311,5-317,5-326,5-346,5-394,5-398,5-433,5-478,5-487,5-507,5-522,6-61,6-111
Math-1,0-296,6-340,6-532,6-929,6-993,6-1011
Math-2,22-82,22-161,22-248,22-281,22-327,27-4,27-17,27-20,27-21,27-23,27-25,27-27,27-32,27-33,27-35,27-47,27-52,27-53,27-57,27-66,27-71,27-74,27-75,27-84,27-85,27-86,27-90,27-93,27-95,27-100,27-102,27-108,27-111,27-114,27-117,27-118,27-119,27-120,27-125,27-133,27-136,27-157,27-159,27-166,27-175,27-179,27-183,27-186,27-198,27-199,27-205,27-213,27-231,27-232,27-241,27-254,27-264,27-270,27-276,27-280,27-287,28-469,28-557,28-565,28-574,28-599,28-644,31-106,31-183,31-240,31-241,31-409,31-446,31-554,32-35,32-49,32-151,32-158,32-191,32-463,32-577,32-621,33-17,33-20,33-26,33-34,33-44,33-80,33-88,33-89,33-92,33-103,33-114,33-132,33-139,33-141,33-149,33-173,33-178,33-192,33-207,33-221,33-222,33-226,33-232,33-244,33-268,11-178,11-208,11-278,11-1133,11-1866,11-1955,12-69,12-227,13-23,13-34,13-55,13-91,13-198,14-27,14-28,14-222,14-223,15-29,15-32,15-47,15-145,16-48,16-56,16-75,16-85,16-106,16-133,16-295,16-325,16-615,16-671,17-46,17-56,17-58,17-60,17-74,17-86,17-142,17-144,17-174,17-186,17-398,17-403,17-417,17-466,17-478,17-554,17-559,17-568,17-637,18-42,18-76,18-322,18-497,18-580,18-688,18-695,21-115,21-308,21-493,21-501,29-168,29-238,29-277,29-284,29-328,37-12,37-23,37-273,37-462
Math-5,4-89,4-126,4-169,4-263,4-277,4-287,4-326,4-371,4-443,4-447,4-494,4-519,4-522,4-534,4-562,4-599,4-617,4-656,4-730,4-744,4-809,4-968,5-115,5-187,5-305,6-4,6-30,6-114,6-117,6-184,6-240,6-290,6-321,6-338,6-391,8-7,8-25,8-49,8-61,8-70,8-97,8-119,8-170,8-175,8-193,8-238,8-305,8-339,12-209,12-220,12-271,12-311,12-391,12-470,12-503,12-510,12-534,12-602
Math-6,0-17,0-245,0-261,0-285
Math-7,38-418
Math-8,10-38,10-45,10-55,10-293,29-5,29-22,29-57,29-61,29-66,29-68,29-110,29-144,29-177,29-188,29-232,29-297,29-343,29-418,29-457,29-463,29-548,29-597,29-604,29-618,29-678,29-694,29-703,29-725,30-3,30-7,30-10,30-11,30-23,30-25,30-34,30-36,30-37,30-74,30-81,30-87,30-92,30-94,30-119,30-154,30-177,30-190,30-199,30-207,30-210,30-226,30-247,30-250,30-260,30-262,30-292,30-311,30-359,30-400,30-402,30-457,30-479,30-490,30-505,30-551,30-593,30-627,30-643,30-724,30-788,30-803,30-892,30-898,31-17,31-23,31-29,31-38,31-52,31-57,31-60,31-147,31-151,31-154,31-178,31-185,31-244,31-322,31-344,31-414,32-8,32-25,32-41,32-49,32-50,32-57,32-58,32-102,32-107,32-108,32-114,32-128,32-134,32-135,32-137,32-145,32-151,32-155,32-156,32-161,32-164,32-176,32-178,32-179,32-192,32-197,32-198,32-208,32-214,32-220,32-234,32-246,32-249,32-255,32-286,32-288,32-290,32-323,32-334,32-413,32-425,32-479,32-499
Math-11,30-123,30-146,30-222,30-307,30-863
Math-12,14-327
Math-18,5-225,7-182
Math-20,0-225,2-182,2-422,4-207,6-5,6-23,6-28,6-47,6-49,6-50,6-76,6-81,6-87,6-96,6-117,6-123,6-131,6-132,6-136,6-142,6-148,6-154,6-162,6-170,6-234,6-239,8-29,8-59,8-108,8-183,8-304,9-2,9-8,9-11,9-12,9-38,9-50,9-59,9-63,9-75,9-90,9-110,9-114,9-130,9-140,9-193,9-208,9-223,9-233,9-234,9-236,9-242,9-296,9-343,9-358,9-365,9-385,9-402,9-413,9-427,9-462,9-505,9-578,9-691,10-2,10-4,10-5,10-7,10-8,10-9,10-12,10-13,10-15,10-16,10-22,10-24,10-32,10-34,10-42,10-49,10-51,10-52,10-53,10-61,10-64,10-66,10-69,10-76,10-79,10-81,10-84,10-95,10-98,10-100,10-111,10-119,10-127,10-128,10-131,10-136,10-137,10-139,10-140,10-142,10-161,10-170,10-172,10-173,10-177,10-193,10-197,10-199,10-200,10-205,10-206,10-207,10-214,10-216,10-235,10-243,10-252,10-257,10-266,10-285,10-292,10-305,10-313,10-314,10-320,10-331,10-339,10-344,10-345,10-346,10-360,10-364,10-370,10-394,10-402,10-410,10-418,10-426,10-428,10-435,10-443,10-462,10-466,10-471,10-476,10-477,10-488,10-499,10-515,10-517,10-526,10-527,10-551,10-561,10-580,10-582,10-583,10-586,10-598,10-611,10-623,10-637,10-653,10-659,10-670,10-681,10-682,10-685,10-734,10-735,10-745,10-756,10-769,10-775,10-783,10-791,10-799,10-801,10-821,10-823,10-853,10-879,10-880,10-927,10-959,10-969,10-993,10-1009,11-108,14-351,14-537,15-256,15-827,22-47,22-85,22-124,22-168,22-171,22-178
Math-26,23-19,23-54,23-59,23-76
Math-28,14-28,15-24,15-26,15-37,15-74,15-110,15-135,15-141,15-153,15-256,16-42,17-3,17-24,17-40,17-70,17-71,17-103,17-110,17-113,17-125,17-128,17-134,17-135,17-138,17-152,17-161,17-168,17-191,17-226,17-246,17-254,17-262,17-273,17-313,17-319,17-320,17-326,17-345,17-362,17-366,17-369,17-371,17-379,17-400,17-402,17-410,17-489,17-505,17-524,17-566,17-595,17-597,17-621,17-733,17-744,17-767,18-4,18-12,18-20,18-25,18-40,18-49,18-50,18-56,18-57,18-61,18-64,18-68,18-75,18-82,18-96,18-104,18-113,18-123,18-126,18-153,18-159,18-163,18-173,18-180,18-190,18-191,18-212,18-215,18-231,18-233,18-241,18-245,18-247,18-248,18-252,18-266,18-268,18-288,18-292,18-305,18-309,18-347,18-365,19-8,19-16,19-23,19-25,19-26,19-27,19-28,19-30,19-34,19-44,19-49,19-54,19-63,19-64,19-68,19-69,19-72,19-77,19-79,19-82,19-83,19-94,19-100,19-109,19-110,19-118,19-123,19-133,19-134,19-138,19-159,19-160,19-164,20-9,22-1,22-7,22-118,22-133,22-136,27-1,27-6,28-1,28-2,28-3,28-12,28-15,28-16,28-18,28-19,28-23,28-28,28-30,28-35,28-39,28-42,28-50,28-53,28-67,28-68,28-71,28-73,28-79,28-80,28-89,28-111,28-130,28-135,28-152,28-157,28-166,28-169,28-178,28-185,28-193,28-194,28-202,28-206,28-221,28-238,28-240,28-288,28-310,28-331,28-366,28-383,28-415,28-418,28-423,28-462,28-491,28-496,28-556,28-562,28-583,28-596,28-603,29-10,29-26,29-32,29-45,29-47,29-64,29-73,29-74,29-75,29-81,29-85,29-88,29-91,29-93,29-96,29-101,29-106,29-107,29-112,29-117,29-123,29-129,29-134,29-143,29-153,29-174,29-178,29-184,29-189,29-191,29-198,29-199,29-201,29-202,29-204,29-218,29-229,29-234,29-237,29-255,29-270,29-273,29-278,29-294,29-300,29-325,29-358,29-361,29-366,29-383,29-384,29-410,29-420,29-447,29-451,29-459,29-467,29-534,29-576,29-594,29-640,29-753,29-772,29-819,29-823,29-824,30-26,30-31,30-39,30-57,30-78,30-86,30-90,30-91,30-113,30-116,30-140,30-141,30-145,30-152,30-165,30-170,30-248,30-268,30-271,30-284,30-288,30-289,30-293,30-298,30-301,30-302,30-315,30-316,30-322,30-333,30-335,30-366,30-392,30-394,30-397,30-434,30-437,30-438,30-440,30-457,30-468,30-477,30-484,30-514,30-520,30-534,30-546,30-561,30-564,30-580,30-591,30-611,30-620,30-625,30-658,30-682,30-694,30-737,30-758,30-810,30-822,30-835,30-865,30-870,30-874,30-910,30-920,30-951,30-953,30-957,30-960,30-966,30-1016,30-1023,30-1067,30-1074,30-1095,30-1101,30-1107,30-1110,30-1173,30-1180,30-1182,30-1217,30-1219,30-1223,30-1243,30-1270,30-1275,30-1401,30-1467,30-1530,30-1639,30-1715,30-1737,30-1741,30-1742,30-1754,30-1760,31-5,31-10,31-14,31-16,31-22,31-29,31-101,31-104,32-3,32-6,32-11,32-21,32-23,32-35,32-43,32-45,32-51,32-52,32-56,32-58,32-80,32-84,32-100,32-107,32-117,32-126,32-128,32-132,32-146,32-147,32-163,32-165,32-177,32-180,32-200,32-201,32-210,32-219,32-253,32-281,33-137,34-24,34-26,34-40,34-62,34-93,34-217,34-311,34-390,34-512,34-565,34-566,34-581,34-611,34-691,34-922
Math-30,10-7,10-8,10-10,10-11,10-14,10-21,10-30,10-160,10-178,10-180,10-185,10-188,10-194,10-205,10-232,10-244,10-259,10-289,15-175,27-5,29-33,29-69,29-600
Math-32,0-4,1-2,1-15,1-25,1-29,1-30,1-53,1-74,1-76,1-115,1-155,1-249,1-272,1-362,1-479,1-553,1-567
Math-33,22-171,24-558
Math-40,19-13,19-31,19-108,19-217,19-358,20-257,20-292,20-367,20-443
Math-41,34-3
Math-42,17-348,17-1029,17-1319
Math-44,11-186
Math-49,2-350,16-156,16-162,16-197,17-108,17-129,18-253,19-134,20-10,21-8,21-23,21-28,21-34,21-64,26-3,26-17,26-18,26-21,26-53,26-54,26-88,26-106
Math-50,0-11,0-15,0-18,0-39,0-42,0-62,0-68,0-92,0-136,0-179,0-197,0-198,0-205,0-206,0-248,0-251,0-259,0-260,0-297,0-300,0-327,0-338,0-342,0-345,0-357,0-361,0-371,0-374,0-379,0-391,0-409,0-420,0-451,0-455,0-486,0-506,0-508,0-514,0-519,0-523,0-526,0-528,0-529,0-552,0-554,0-556,0-561,0-563,0-565,0-578,0-580,0-582,0-583,0-585,0-587,0-603,0-607,0-608,0-617,0-648,0-655,0-665,0-667,0-668,0-677,0-679,0-685,0-689,0-691,0-692,0-695,0-716,0-717,0-718,0-767,0-768,0-781,0-785,0-795,0-806,0-821,0-822,0-829,0-849,0-866,0-874,0-886,0-890,0-914,0-919,0-927,0-928,0-950,0-1017,0-1029,0-1038,0-1063,0-1076,0-1111,0-1193,0-1216,0-1322,0-1323,0-1341,0-1362,0-1413,0-1414,0-1415,0-1426,0-1451,0-1462,0-1466,0-1488,1-5,1-6,1-15,1-37,1-51,1-77,1-81,1-85,1-88,1-102,1-117,1-121,1-138,1-140,1-155,1-161,1-163,1-181,1-182,1-198,1-203,1-206,1-215,1-224,1-236,1-252,1-254,1-257,1-263,1-285,1-303,1-304,1-357,1-373,1-394,1-412,3-10,3-21,3-23,3-24,3-26,3-45,3-53,3-56,3-59,3-60,3-65,3-69,3-79,3-80,3-83,3-86,3-92,3-101,3-102,3-123,3-125,3-127,3-128,3-132,3-133,3-140,3-157,3-161,3-163,3-164,3-170,3-172,3-174,3-180,3-182,3-189,3-191,3-195,3-196,3-197,3-201,3-205,3-208,3-234,3-238,3-240,3-253,3-259,3-280,3-296,3-323,3-377,3-416,3-447,3-454,3-456,3-459,3-469,11-18,11-68,12-4,12-9,12-13,12-21,12-26,12-29,12-33,12-36,12-47,12-52,12-59,12-67,12-71,12-73,12-74,12-87,12-92,12-95,12-96,12-99,12-105,12-111,12-116,12-134,12-140,12-152,12-156,18-101,18-108,18-249,29-4,29-21,29-22,29-55,29-86,29-123,29-128,29-134,29-182,31-13,31-14,31-36,31-48,31-72,36-116,36-159,36-181,36-209,36-249,36-351,36-453,36-482,36-512,36-523,36-561,36-581,36-584,36-690,36-721,36-780,36-799,36-882,36-935,36-939,36-1108,37-3,37-15,37-21,37-22,37-41,37-46,37-61,37-62,37-66,37-102,37-104,37-108,37-124,37-128,37-137,37-158,37-183,37-192,37-211,37-264,37-272,38-2,38-12,38-15,38-23,38-29,38-31,38-45,38-49,38-54,38-59,38-66,38-68,38-72,38-77,38-82,38-87,38-96,38-97,38-101,38-112,38-113,38-116,38-120,38-124,38-128,38-132,38-137,38-148,38-156,38-157,38-163,38-174,38-177,38-178,38-180,38-188,38-190,38-198,38-202,38-211,38-214,38-221,38-226,38-227,38-230,38-237,38-241,38-255,38-257,38-262,38-268,38-271,38-279,38-287,38-308,39-3,39-7,39-26,39-34,39-35,39-49,39-55,39-59,39-61,39-73,39-76,39-82,39-83,39-92,39-96
Math-52,21-74,21-76,21-108,21-121,21-147,21-218,21-285,21-289
Math-56,21-18,21-23,21-26,21-128
Math-57,3-4,3-23,3-26,3-153,3-162,9-41,9-105,14-53
Math-58,9-400,27-218,32-54,32-162
Math-59,1-50,1-117,1-281
Math-60,13-63,13-178
Math-63,0-15,0-17,0-32,0-48,0-53,0-58,0-59,0-69,0-85,0-90,0-100,0-122,0-130,0-152,0-153,0-155,0-156,0-158,0-191,0-192,0-205,0-210,0-218,0-230,0-235,0-240,0-254,0-306,0-307,0-308,0-312,0-317,0-326,0-346,0-354,0-378,0-402,0-404,0-405,0-408,0-410,0-421,0-443,0-445,0-450,0-464,0-475,0-498,0-513,0-539,0-566,0-567,0-581,0-596,0-732,0-741,0-747,0-795,0-809,0-834,0-977,0-1004,0-1114,6-48,6-126,6-145,6-738,6-936
Math-65,2-57,3-31,3-36,3-191
Math-69,15-95,27-173,38-141,38-147
Math-70,0-1,0-238,0-256,0-264
Math-71,7-4,7-5,7-7,7-8,7-10,7-21,7-27,7-28,7-30,7-44,7-49,7-54,7-59,7-60,7-70,7-81,7-82,7-89,7-108,7-126,7-143,7-145,7-146,7-170,7-181,7-186,7-188,7-201,7-229,7-231,7-236,7-237,7-245,7-253,7-257,7-276,7-288,7-291,7-301,7-318,7-321,38-67,38-81,38-99,38-105,38-119,38-143,38-192,38-201,38-212,38-271,38-293,8-483
Math-72,24-76
Math-73,1-4,1-5,1-13,1-15,1-18,1-27,1-30,1-35,1-36,1-38,1-41,1-78,1-103,1-104,1-106,1-115,1-118,1-126,1-127,1-146,1-166,1-171,1-179,1-183,1-187,1-200,1-207,1-244,1-263,1-276,1-311,1-320,1-326,1-335,1-336,1-350,1-377,1-386,1-395,1-399,1-406,1-437,1-439,1-443,1-450,1-461,1-464,1-471,1-524,1-637,1-706,1-713,1-798,1-980,1-1029,1-1090
Math-74,23-174,23-203,24-24,24-33,24-67,24-88,25-37,34-44
Math-75,0-4,0-10,0-27,0-42,0-92,0-272,0-447
Math-78,5-7,8-480,34-188,34-265,35-64,35-138,10-282,10-367,10-997
Math-79,25-16,31-108,31-373
Math-80,13-3,13-7,13-10,13-16,13-41,13-55,13-142,13-293,13-309,13-354,14-81,14-330,14-409,14-475,14-711,15-63,15-68,15-140,15-163,15-191,15-275,15-303,15-312,15-486,15-527,15-589,15-776,17-9,17-22,17-30,17-66,17-84,17-91,17-97,17-119,17-142,17-158,17-161,17-162,17-168,17-169,17-170,17-172,17-173,17-175,17-197,17-220,17-225,17-234,17-238,17-241,17-244,17-254,17-259,17-262,17-269,17-274,17-277,17-290,17-294,17-296,17-298,17-300,17-306,17-308,17-325,17-327,17-329,17-330,17-339,17-357,17-362,17-388,17-390,17-396,17-401,17-402,17-404,17-405,17-409,17-421,17-422,17-432,17-459,17-461,17-463,17-471,17-473,17-486,17-487,17-519,17-520,17-543,17-558,17-570,18-79,18-82,18-152,18-244
Math-81,3-9,3-64,3-97,3-121,3-223,3-227,3-278,3-279,3-302,3-326,3-461,3-503,3-507,3-515,4-2,4-7,4-11,4-14,4-27,4-43,4-48,4-87,4-107,4-114,4-115,4-130,4-142,4-149,4-152,4-166,4-194,4-210,4-229,4-270,5-9,5-19,5-30,5-40,5-69,5-70,5-88,5-101,5-106,5-127,5-132,5-133,5-140,5-152,5-159,5-167,5-193,5-196,5-209,5-225,5-253,5-366,7-4,7-8,7-44,7-49,7-61,7-76,7-95,7-98,7-111,7-112,7-113,7-114,7-117,7-122,7-142,7-149,7-154,7-155,7-161,7-163,7-179,7-183,7-192,7-195,7-196,7-203,7-205,7-207,7-214,7-217,7-218,7-254,7-270,7-273,7-278,7-279,7-280,7-285,7-288,7-290,7-292,7-310,7-311,7-315,7-332,7-334,7-337,7-350,7-362,7-366,7-367,7-371,7-372,7-376,7-385,7-389,7-407,7-411,7-412,7-422,7-427,7-436,7-443,7-447,7-473,7-482,7-484,7-492,7-501,7-513,7-520,7-526,7-532,7-535,7-539,7-548,7-550,7-563,7-576,7-586,7-601,7-603,7-618,7-622,7-643,7-665,7-679,7-689,7-690,7-693,7-697,7-706,7-709,7-719,7-723,7-733,7-738,7-744,7-745,7-756,7-759,7-766,7-774,7-794,7-833,7-882,7-893,7-909,7-924,7-926,7-1000,7-1034,7-1079,9-2,9-5,9-13,9-18,9-22,9-31,9-34,9-39,9-50,9-57,9-59,9-65,9-67,9-72,9-81,9-86,9-92,9-99,9-100,9-101,9-105,9-113,9-130,9-132,9-133,9-136,9-143,9-144,9-145,9-146,9-149,9-152,9-153,9-154,9-159,9-163,9-167,9-169,9-170,9-171,9-175,9-183,9-187,9-188,9-192,9-195,9-197,9-202,9-203,9-211,9-215,9-217,9-218,9-219,9-220,9-226,9-241,9-250,9-252,9-253,9-255,9-278,9-284,9-297,9-305,9-310,9-313,9-322,9-323,9-325,9-328,9-332,9-342,9-351,9-358,9-360,9-369,9-370,9-425,9-429,9-443,9-508,9-541,9-576,9-586,10-6,10-23,10-43,10-44,10-46,10-49,10-65,10-67,10-94,10-97,10-101,10-103,10-117,10-119,10-121,10-133,10-142,10-146,10-151,10-153,10-154,10-169,10-174,10-175,10-176,10-181,10-189,10-202,10-208,10-213,10-214,10-217,10-219,10-222,10-241,10-248,10-253,10-254,10-256,10-264,10-265,10-279,10-282,10-288,10-293,10-294,10-296,10-297,10-298,10-299,10-301,10-304,10-305,10-330,10-346,10-366,10-370,10-378,10-387,10-388,10-391,10-393,10-395,10-398,10-417,10-419,10-420,10-426,10-428,10-435,10-448,10-456,10-460,10-463,10-485,10-502,10-504,10-519,10-523,10-538,10-540,10-549,10-550,10-603,10-615,10-636,10-647,10-681,10-693,10-697,10-717,10-719,10-738,11-97,11-119,11-232,13-168,18-17,18-24,18-34,18-36,18-43,18-44,18-48,18-59,18-66,18-80,18-85,18-89,18-94,18-97,18-123,18-126,19-3,19-5,19-15,19-18,19-27,19-30,19-54,19-55,19-61,19-69,19-72,19-85,19-87,19-92,19-100,19-101,19-104,19-110,19-115,19-118,19-119,19-126,19-138,19-144,19-146,19-147,19-156,19-166,19-167,19-170,19-172,19-176,19-179,19-180,19-187,19-189,19-193,21-1,21-2,21-6,21-7,21-8,21-9,21-13,21-19,21-24,21-31,21-39,21-47,21-53,21-64,21-70,21-74,21-84,21-87,21-90,21-92,21-94,21-99,21-101,21-103,21-115,21-116,21-118,21-123,21-126,21-130,21-133,21-142,21-144,21-149,21-154,21-156,21-161,21-162,21-165,21-173,21-174,21-178,21-183,21-190,21-198,21-208,21-210,21-212,21-213,21-221,21-235,21-238,21-240,21-245,21-248,21-252,21-256,21-258,21-262,21-263,21-272,21-273,21-276,21-280,21-286,21-293,21-294,21-295,21-299,21-303,21-310,21-311,21-312,21-320,21-321,21-323,21-327,21-332,21-335,21-337,21-350,21-351,21-359,21-361,21-366,21-379,21-381,21-383,21-385,21-390,21-392,21-396,21-398,21-400,21-401,21-408,21-411,21-413,21-415,21-416,21-417,21-423,21-425,21-432,21-445,21-447,21-453,21-462,21-469,21-475,21-478,21-491,21-540,21-552,21-576,21-578,22-66,23-117,23-147,23-228,23-285,24-3,24-21,24-22,24-24,24-27,24-29,24-30,24-31,24-40,24-41,24-44,24-52,24-56,24-61,24-80,24-81,24-83,24-88,24-91,24-93,24-99,24-102,24-104,24-112,24-119,24-123,24-131,24-172,25-351,25-435,25-547,25-665,26-12,26-15,26-20,26-23,26-30,26-54,26-55,26-64,26-82,26-86,26-114,26-116,26-118,26-119,26-125,26-129,26-132,26-136,26-137,26-143,26-144,26-151,26-155,26-158,26-171,26-173,26-184,26-186,26-187,26-192,26-199,26-204,26-209,26-211,26-224,26-231,26-238,26-241,26-245,26-247,26-258,26-280,26-285,26-293,26-295,26-299,26-314,26-319,26-321,26-331,26-338,26-348,26-352,26-362,26-369,26-382,26-399,26-400,26-405,26-418,26-441,26-442,26-455,26-459,26-462,26-475,26-484,26-497,26-505,26-523,26-540,26-545,26-548,26-551,26-553,26-568,26-582,26-590,26-599,26-638,26-646,26-651,26-670,26-710,26-730,26-754,26-759,26-787,26-789,26-794,26-911,26-937,27-10,27-33,27-45,27-57,27-60,27-62,27-64,27-69,27-101,27-123,27-130,27-136,27-138,27-146,27-162,27-198,27-204,27-208,27-224,27-239,29-25,29-41,29-95,29-113,29-147,29-164,29-211,29-217,29-235,29-255,29-256,29-261,29-315,29-321,29-325,29-363,29-385,29-393,29-398,29-406,29-408,29-412,29-414,29-421,29-433,29-491,29-594,29-613,29-614,34-850,34-1019,35-4,35-144,39-6,39-11,39-15,39-25,39-36,39-81,39-152,39-171,39-172,39-247,39-250
Math-83,39-362
Math-85,10-52,10-58
Math-88,25-204,26-77,26-129,26-237,26-270,26-455,26-764
Math-90,2-5
Math-94,5-59,5-88,5-129,5-181
Math-95
Math-96,4-89,4-90,4-226,4-2487
Math-97
Math-101,13-39
Math-103,26-4,26-15,26-22,26-47,26-50,26-71,26-86,26-106,26-107,26-112,26-113,26-123,26-126,26-134,26-137,26-138,26-140,26-162,26-166,26-172,26-203,26-216,26-217,26-218,26-229,26-236,26-244,26-264,26-265,26-276,26-292,26-314,26-319,26-329,26-342,26-348,26-349,26-356,26-362,26-376,26-379,26-398,26-407,26-411,26-421,26-424,26-429,26-434
Math-104,8-289,8-412,8-717,8-927,12-33,12-39,12-54,12-101,12-161,20-603
Mockito-1,0-51,0-155,0-327,1-10,1-12,1-26,1-34,1-44,1-45,1-47,1-48,1-58,1-59,1-60,1-75,1-107,1-117,1-135,1-143,1-169,1-182,7-246
Mockito-3,24-246
Mockito-8,12-9,12-450,13-2,13-130,13-146
Mockito-16,2-48,16-202,16-336
Mockito-17,22-223
Mockito-22,38-138
Mockito-29,29-93
Mockito-34,15-256
Mockito-38,2-66,4-16,20-9,20-81,20-87,20-139,20-235,20-283,20-302,20-399
Time-2,3-314,26-240
Time-3,4-397,24-271,24-353,24-534,24-592,24-685
Time-4,0-53,1-15,1-61,2-26,2-54,2-79,2-82,2-156,2-173,2-176,2-186,2-411,2-490,2-528,2-538,2-585,2-595,2-621,2-634,2-638,2-681,2-687,2-696,2-744,2-823,28-226
Time-7,15-1
Time-9,32-142
Time-11,0-7,0-64,0-66,0-264,0-301
Time-17,1-7,1-13,1-16,1-17,1-24,1-26,1-59,1-73,1-85,1-88,1-92,1-104,1-119,1-124,1-132,1-160,1-166,1-178,1-196,1-217,1-219,1-239,1-315,1-328,1-354,1-366,1-386,1-449,1-452,1-506,1-509,1-512,1-522,1-539,1-550,1-575,1-623,1-642,1-663,19-29,19-36,19-65,19-161,19-247,19-378,19-379,19-381,19-383,19-584,20-47,20-72,20-211,20-523,20-672
Time-18,2-139
Time-20,5-2,5-6,5-9,5-73,5-104,5-115,5-196
