Chart-1,28-1,28-5,28-9,28-10,28-12,28-13,28-14,28-16,28-17,28-18,28-19,28-39,28-44,28-55,28-59,28-64,28-65,28-66,28-71,28-72,28-73,28-75,28-76,28-77,28-79,28-80,28-81,28-82,29-36
Chart-3,9-11,10-4,11-21,11-33,25-25,26-8,29-12,30-7,30-23,31-3,31-7,34-18,35-3,35-26,40-22,55-2,55-37,79-20
Chart-4,51-31
Chart-5,0-12
Chart-6
Chart-7,0-2,0-6
Chart-8,0-6
Chart-9,12-14
Chart-11
Chart-12,8-13,9-11,2-32,2-37
Chart-13,0-8,34-23,35-18,41-18,43-60,44-5,44-6,47-42
Chart-15,10-36,15-10,48-24
Chart-20,4-6
Chart-24,2-10
Chart-25,1-1,1-2,1-4,1-12,1-28,2-9,2-13,2-29,2-30,3-17,3-22,4-9,4-31,10-3,10-6,10-11,19-6,19-14,19-25,20-1,20-6,20-14,20-18,20-25,182-33,183-29,185-4,185-5,185-7,191-13,191-24,191-30,192-12,192-23,192-28,240-31,241-27,245-3,245-6,245-20,245-32,245-37,246-4,246-33,246-44,247-1,247-4,247-5,247-8,247-29,247-31,247-32,247-34,247-40,247-43,248-10,248-16,248-18,248-20,248-21,248-33,248-43,234-1,234-8,234-12,234-17,257-5,257-36,257-42,257-59,258-89,259-3,259-17,259-38,259-55,346-18,350-4,350-5,350-6,350-7,350-8,350-18,350-22,350-29,350-33,350-39,350-49,370-38
Chart-26,93-45,98-30,102-33,128-4,128-19,128-23,128-24,128-40,128-42,129-3,129-21,129-28,129-35,249-25,249-30,285-3,285-22,285-24,285-39,285-45,285-47,285-55,285-61,285-63,285-67,285-83,243-3,243-16,243-31,243-33,243-36,243-37,244-3,244-34,245-7,245-11,245-23,429-29
Closure-1,0-48,0-56,0-67,144-13
Closure-2,2-19,2-25,2-29,3-13
Closure-3,6-48,6-50,6-56,6-67,18-109,18-140,18-148,18-150,18-151,18-153,18-154,18-155,18-156,18-157,18-161,18-165,18-166,18-170,18-172,18-173,46-2,47-230,74-62,128-206
Closure-4
Closure-5,0-48,0-50,0-56,0-67,22-23,130-48
Closure-7,1-24,17-44,17-424,17-443,28-8,28-16,28-19,28-21,27-94,29-3,29-18,29-24,31-52,31-56,31-59,31-60,31-66,31-67,31-74,31-78,31-84,31-86,31-93,31-95
Closure-8,46-48,46-50,46-56,46-67,381-20,381-31,148-97,148-115,149-233
Closure-10,113-1,114-2,114-4,114-26,114-27,114-29,114-30,114-31,114-32,114-33,114-34,114-35,114-36,114-37,114-38,114-39,114-40,114-41,114-42,114-43,114-44,114-45,114-46,114-47,114-48,114-49,114-50,114-51,114-52,114-53,114-54,114-55,114-56,114-57,114-58,114-59,114-60,114-61,114-62,114-63,114-65,114-66,114-67,114-68,114-69,114-70,114-71,114-72,114-73,114-74,114-75,114-76,114-77,114-79,114-80,114-81,114-82,114-83,114-84,114-85,114-86,114-87,114-88,114-89,114-90,114-91,114-92,114-93,114-94,114-95,115-3,115-24
Closure-12,5-2,13-58,22-173,23-362,23-433,24-2,24-90,25-75,137-58,7-48,7-50,7-56,7-67
Closure-13,153-11,153-13,153-30,154-1,154-2,154-5,154-9,154-22,154-27
Closure-14,2-4
Closure-15,7-39,7-40,27-108,27-110,27-111,27-113,27-137,28-21,28-31,28-32,28-119,28-120,28-123,28-124,28-125,28-126,28-127,28-128,28-130,28-132,28-140,28-145,28-155,28-156,28-162,28-166,28-175,28-176,18-48,18-50,18-56,18-67
Closure-17,3-103,3-106,3-176,3-179,3-263,3-268,3-270,3-281,3-397,3-404,3-405,3-410,3-411,3-412,3-413,3-415,3-418,3-420,3-424,3-429,3-431,3-432,3-434,3-437,3-438,3-439,3-443,3-445,3-448,3-454,3-455,3-462,3-463,3-470,3-473,6-7,6-105,7-118,7-130,7-131,7-141,7-148,7-149,7-153,7-231,7-233,7-242,7-243,7-246,7-247,7-251,7-252,7-261,7-313,7-318,7-319,7-320,7-321,7-322,7-323,7-324,7-325,7-326,7-327,7-330,7-331,7-333,7-348,7-349,7-350,7-353,7-355,7-356,7-358,7-359
Closure-18,0-48,0-51,0-56,0-67
Closure-20,7-48,7-50,7-56,7-67
Closure-21,2-1,2-22,2-29,2-30,2-32,2-38,2-39,3-12,3-19,3-21,3-24,3-38,3-95,3-177,3-178,3-180,3-181,3-182,3-183,3-185,3-186,3-187,3-188,3-189,3-190,3-191,3-192,3-194,3-195,3-196,3-197,3-198,3-199,3-200,3-201,3-202,3-203,3-204,3-205,3-206,3-207,3-208,3-209,3-210,3-211,3-212,3-213,3-214,3-215,3-216,3-217,3-218,3-219,3-220,3-221,3-222,3-223,3-224,3-225,3-226,3-227,3-228,3-229,3-230,3-231,3-232,3-234,3-235,3-236,3-237,3-238,3-239,3-240,3-241,3-242,3-243,3-244,3-245,3-246,3-255,5-222,7-11,7-27,7-30,7-36,7-45
Closure-22,0-10,4-9,4-27,4-37,4-39,5-1,5-23,5-25,6-19,6-20,6-23,6-37,6-95,6-101,6-102,6-104,6-105,6-106,6-107,6-109,6-110,6-111,6-112,6-113,6-114,6-115,6-116,6-118,6-119,6-120,6-121,6-122,6-123,6-124,6-125,6-126,6-127,6-128,6-129,6-130,6-131,6-132,6-133,6-134,6-135,6-136,6-137,6-138,6-139,6-140,6-141,6-142,6-143,6-144,6-145,6-146,6-147,6-148,6-149,6-150,6-151,6-152,6-153,6-154,6-155,6-156,6-158,6-159,6-160,6-161,6-162,6-163,6-164,6-165,6-166,6-167,6-168,6-169,6-170,6-185,6-261,6-264,6-278,6-285,9-2,9-8
Closure-24,22-401
Closure-26,37-48,37-50,37-56,37-67
Closure-29,8-48,8-50,8-56,8-67
Closure-30,1-48,1-50,1-56,1-67
Closure-31,0-7,1-48,1-51,1-56,1-67,161-8,161-14,162-19,162-31
Closure-33,16-8,16-121,219-82,3-30,3-34,3-37,3-42,5-75,5-77,5-100,5-103,5-168,5-194,5-198,5-201,6-31,6-32,6-62,6-76,6-83,6-87,6-90,7-35,7-103,7-107,7-110,12-25,146-18,146-19,146-20,146-23,149-311,195-30,195-75,195-126,195-217,195-312,195-498,195-650,195-806
Closure-35,0-4,9-144,10-96,10-178,10-191,10-197,10-198,10-201,10-202,10-204,10-205,10-207,10-210,10-216,10-217,10-220,10-229,10-232,10-233,10-237,10-238,10-246,12-34,17-62,18-31,18-34
Closure-36,5-48,5-50,5-56,5-67,69-44
Closure-40,14-1,14-23
Closure-45,0-48,0-50,0-56,0-67,15-25,45-3,45-4,45-19,45-22
Closure-46,0-6,0-36,3-3,3-10,4-6,4-9,4-14,4-15,4-17,4-23,4-25,4-31,4-37,4-96,4-127,4-129,4-140,4-190,4-191,4-192,4-193,4-194,4-195,4-197,4-198,4-199,4-200,4-201,4-202,4-203,4-204,4-205,4-206,4-207,4-208,4-209,4-210,4-211,4-212,4-213,4-214,4-215,4-216,4-217,4-218,4-220,4-222,4-223,4-224,4-225,4-226,4-227,4-228,4-229,4-230,4-231,4-233,4-234,4-235,4-242,4-245,4-250,4-251,4-253,4-254,4-259,4-261,4-266,4-272,4-330
Closure-48,37-2,37-3,37-18
Closure-49,0-48
Closure-50,4-48,4-50,4-52,4-57
Closure-51,33-53,34-40,34-52
Closure-55,21-106,21-109,24-11,24-26,25-3,25-20,25-28,26-9,28-12,28-46,34-3,38-3,39-6,39-21,41-16,41-39,41-42,41-60,41-62,41-63,41-65,41-66,41-78,41-82,41-85,41-86,41-90
Closure-57,6-47,6-48
Closure-59,251-573
Closure-61,0-47,0-48,0-50,0-55,308-20,308-63,310-18,310-23,310-131,310-136
Closure-62,3-4,3-9,3-21,3-39,3-43
Closure-63,3-4,3-9,3-21,3-39,3-43
Closure-64,13-11,13-34,13-70,13-71,13-72,13-75,13-84
Closure-66,0-10,0-43,12-1,12-5,12-7,12-17,12-33,254-44,254-57,255-47,255-48
Closure-67,0-47,0-48,0-50,0-55,57-9,57-13,57-14,57-18,57-19,57-45,30-48,30-88,30-90,30-94,30-98,30-101,30-102,30-103,30-110,30-116,30-118,30-119,30-120,30-122,30-123,30-124,30-130,30-137,30-140,30-141,30-142,30-145,30-147,30-148,30-152,30-153,30-156,30-157,30-158,30-159,30-165,30-167,30-171,30-180,30-185,30-190,30-192,30-194,30-196,30-197,30-198,30-199,30-202,30-203,30-204,30-205,30-210,30-213,30-215,30-219,30-220,30-221,30-223,30-225,30-229,30-247,30-248,30-267,30-268,30-272,30-273,30-276,30-285,30-293,30-328,31-1,33-76,33-78,33-82,33-83,33-87,34-1,34-4,34-9,34-10,34-24,34-78,34-87,34-90,35-6,35-7,35-8,35-9,35-10,35-12,35-14,35-16,35-21,35-22,35-40,35-54,35-55,35-65,35-67,35-71,35-74,35-75,35-76,35-80,35-81,35-82,35-85,35-86,35-90,35-91,35-92,35-93,35-95,35-96
Closure-72,0-47,0-48,0-50,0-55
Closure-73,5-17
Closure-75,1-47,1-48,1-50,1-55,321-15,321-20,321-63,323-18,323-23,323-131,323-136,51-5,51-10,51-32,53-1,53-2,53-10,54-15,54-19
Closure-76,0-47,0-48,0-50,0-55
Closure-86,1-7,1-8,1-10,1-12,1-23,1-26,1-30,1-31
Closure-87,0-47,0-48,0-50,0-55
Closure-88,0-47,0-48,0-50,0-55
Closure-89,1-47,1-48,1-50,1-55
Closure-91,22-176,22-181,22-200,22-204,22-205,22-208,22-209,22-219,22-220,22-221,22-242,22-250,22-251,22-255,22-256,22-267,22-270,22-278,22-280,22-295,22-300,22-306,22-307,22-308,22-313,22-315,22-316,22-321,22-330,22-334,22-338,22-339,22-340,22-355,22-357,22-360,22-362,22-363,22-366,22-367,22-376,22-378,22-383,22-394,22-396,22-397,22-401,22-403,22-408,22-410,22-413,22-416,22-426,22-434,22-435,22-438,22-439,22-460,22-468,22-470,22-471,22-472,22-477,22-479,22-480,22-481,22-488,22-490,22-492,22-494,22-497,22-503,22-512,22-513,22-515,22-520,22-523,22-524,22-527,22-529,22-533
Closure-92,3-47,3-49,3-50,3-55,12-2,12-44
Closure-93,12-2,12-34
Closure-97,2-48,2-49,2-51,2-56
Closure-98,1-48,1-49,1-51,1-56
Closure-104,7-89,7-91,7-99,7-118,7-128,7-299,7-301,7-309,7-328,7-338
Closure-107,6-1,6-8,6-11,6-20,6-21,6-25,6-34,6-39,278-15,7-80,7-81,7-82,7-83
Closure-108,4-22
Closure-109,3-1,3-3,3-6,3-8
Closure-111,15-26
Closure-113,13-26,13-29,20-23,20-33,20-34,20-41,21-12,24-3,24-22,24-35,24-39,24-40,25-36,25-40
Closure-114,0-48,0-50,0-56,0-70
Closure-115,0-1,0-30,0-32,12-3,12-12,12-40,12-43,12-44,12-48,12-49,12-50,12-51,12-52,12-53,12-54,12-55,12-58,12-60,12-62,12-63,12-64,12-65,12-66,12-67,12-68,12-69,12-70,12-71,12-72,12-73,12-74,12-75,12-76,12-77,12-78,12-79,12-80,12-81,12-82,12-83,12-84,12-85,12-86,12-87,12-88,12-89,12-90,12-91,12-93,12-94,12-95,12-96,12-98,12-99,12-100,12-101,12-104,13-101,13-102,97-4,97-5,97-9,97-10,97-28,97-40,97-41,97-45,98-2,98-4,98-5,98-6,98-7,98-8,98-9,98-10,98-11,98-12,98-13,98-14,98-17,98-18,98-19,98-20,98-21,98-22,98-23,98-24,98-25,98-26,98-27,98-28,98-29,98-30,98-31,98-32,98-33,98-34,98-35,98-36,98-37,98-38,98-39,98-40,98-41,98-42,98-43,98-44,98-45,98-46,98-47,98-48,98-49,98-50,98-51,98-52,98-53,98-54,98-55,98-56,98-57,98-58,98-59,98-60,98-62,98-63,98-64,98-65,98-66,98-67,98-68,98-69,98-70,98-71,98-72,98-73,98-74,98-75,98-77,98-79,98-81,98-82,98-83,98-84,98-85,98-86,98-87,98-88,98-89,98-90,98-91,98-94,98-95,98-96,98-97,98-98,98-99,98-100,98-101,98-102,98-103,98-104,98-105,98-106,98-107,98-108,98-109,98-110,98-111,98-112,98-113,98-114,98-115,98-116,98-117,98-118,98-119,98-120,98-121,98-122,98-123,98-124,98-125,98-126,98-127,98-128,98-129,98-130,98-131,98-132,98-133,98-134,98-135,98-136,98-137,98-138,98-139,98-140,98-141,98-142,98-143,98-144,98-145,98-146,98-147,98-148,98-149,98-150,98-151,98-153,98-155,98-156,98-157,98-158,98-159,98-160,98-161,98-162,98-163,98-164,98-165,98-168,98-169,98-170,98-171,98-172,98-173,98-174,98-175,98-176,98-177,98-178,98-179,98-180,98-181,98-182,98-183,98-184,98-185,98-186,98-187,98-188,98-189,98-190,98-191,98-192,98-193,98-194,98-195,98-196,98-197,98-198,98-199,98-200,98-201,98-202,98-203,98-204,98-205,98-206,98-207,98-208,98-209,98-210,98-211,98-213,98-214,98-215,98-216,98-217,98-218,98-219,98-220,98-221,98-222,98-223,98-224,98-225,98-226,98-231,98-233,98-245,98-246,98-291,98-310,98-387,98-389,98-401,98-402,98-462,98-547,98-549,98-550,98-551,98-552,98-553,98-554,98-555,98-556,98-557,98-558,98-559,98-562,98-563,98-564,98-565,98-566,98-567,98-568,98-569,98-570,98-571,98-572,98-573,98-574,98-575,98-576,98-577,98-578,98-579,98-580,98-581,98-582,98-583,98-584,98-585,98-586,98-587,98-588,98-589,98-590,98-591,98-592,98-593,98-594,98-595,98-596,98-597,98-598,98-599,98-600,98-601,98-602,98-603,98-604,98-605,98-606,98-607,98-608,98-609,98-610,98-611,98-612,98-613,98-614,98-615,98-616,98-617,98-618,98-619,98-629,98-631,98-643,98-644,98-689,99-19,99-21,99-37,99-39,99-44,99-51,131-2,131-4,131-5,131-6,131-7,131-8,131-9,131-10,131-11,131-12,131-13,131-14,131-17,131-18,131-19,131-20,131-21,131-22,131-24,131-25,131-26,131-27,131-28,131-29,131-30,131-31,131-32,131-33,131-34,131-35,131-36,131-37,131-38,131-39,131-40,131-41,131-42,131-43,131-44,131-45,131-46,131-47,131-48,131-49,131-50,131-51,131-52,131-53,131-54,131-55,131-56,131-57,131-58,131-59,131-60,131-61,131-62,131-63,131-64,131-65,131-66,131-67,131-68,131-69,131-70,131-71,131-72,131-73,131-74,131-75,131-79,131-81,131-82,131-83,131-84,131-85,131-86,131-87,131-88,131-89,131-90,131-91,131-94,131-95,131-96,131-97,131-98,131-99,131-101,131-102,131-103,131-104,131-105,131-106,131-107,131-108,131-109,131-110,131-111,131-112,131-113,131-114,131-115,131-116,131-117,131-118,131-119,131-120,131-121,131-122,131-123,131-124,131-125,131-126,131-127,131-128,131-129,131-130,131-131,131-132,131-133,131-134,131-135,131-136,131-137,131-138,131-139,131-140,131-141,131-142,131-143,131-144,131-145,131-146,131-147,131-148,131-149,131-150,131-151,131-152,131-154,131-156,131-157,131-158,131-159,131-160,131-161,131-162,131-163,131-164,131-165,131-166,131-169,131-170,131-171,131-172,131-173,131-174,131-176,131-177,131-178,131-179,131-180,131-181,131-182,131-183,131-184,131-185,131-186,131-187,131-188,131-189,131-190,131-191,131-192,131-193,131-194,131-195,131-196,131-197,131-198,131-199,131-200,131-201,131-202,131-203,131-204,131-205,131-206,131-207,131-208,131-209,131-210,131-211,131-212,131-213,131-214,131-215,131-216,131-217,131-218,131-219,131-220,131-221,131-222,131-223,131-224,131-225,131-226,131-227,131-229,131-231,131-243,131-244,131-251,131-321,131-322,131-329,131-625,131-627,131-628,131-629,131-630,131-631,131-632,131-633,131-634,131-635,131-636,131-637,131-640,131-641,131-642,131-643,131-644,131-645,131-647,131-648,131-649,131-650,131-651,131-652,131-653,131-654,131-655,131-656,131-657,131-658,131-659,131-660,131-661,131-662,131-663,131-664,131-665,131-666,131-667,131-668,131-669,131-670,131-671,131-672,131-673,131-674,131-675,131-676,131-677,131-678,131-679,131-680,131-681,131-682,131-683,131-684,131-685,131-686,131-687,131-688,131-689,131-690,131-691,131-692,131-693,131-694,131-695,131-696,131-697,131-698,1-48,1-50,1-56,1-70
Closure-117,8-212,8-228,8-234,8-245,8-252,8-293,8-295,8-296,8-298,8-299,8-300,8-302,8-305,8-306,8-309,8-310,8-311,8-315,8-316,8-317,8-321,8-322,8-324,8-329,8-330,8-331,8-332,8-333,8-335,8-337,8-338,8-339,8-340,8-344,9-46,9-47,13-218,13-222,13-232,14-16,14-46,15-1,15-4,15-11,15-52,16-5,16-11,16-14,16-16,16-41,61-141
Closure-118,0-36,0-122,9-172
Closure-119,6-495,8-15
Closure-120,0-48,0-50,0-56,0-70
Closure-121,0-48,0-50,0-56,0-70,28-14,28-41,28-51,28-86,29-16,29-31,20-3,21-3,21-4,42-2,42-29
Closure-124,4-14,4-17,4-56
Closure-125,8-4,6-43,6-53,6-55,6-64,6-66,6-157,6-169,6-177,6-178,6-181
Closure-126,0-3,0-12,1-2,1-17,1-18,1-35,6-2,6-4,8-48,8-50,8-56,8-67
Closure-127,0-48,0-50,0-56,0-67,13-17,13-30,13-37,39-20,40-14,40-15,40-22,40-23,40-36,40-40
Closure-129,0-1,6-48,6-50,6-56,6-67,13-25
Closure-130,1-48,1-50,1-56,1-67
Closure-131,6-48,6-50,6-56,6-67
Closure-132,15-48,15-50,15-56,15-67
Closure-133,0-27,59-17,60-1,67-7,67-34,68-22
Lang-6,46-30,46-37,47-6
Lang-7
Lang-10,60-7,97-19
Lang-22,22-2
Lang-26,4-2
Lang-27,10-42
Lang-39,26-6,26-13,26-21,26-30
Lang-43,0-3,1-12,3-42,5-32
Lang-44,16-1,16-17,16-26,16-32,16-36,16-50
Lang-51,12-6,12-20
Lang-55,4-40,4-46
Lang-57,0-2
Lang-58,17-24,17-29,17-35,33-1,33-9,33-27
Lang-59,1-15
Lang-63,37-14,38-2,38-5,38-15,48-4,49-4
Math-2,0-5
Math-5,0-3
Math-6,0-3,0-7,0-11,0-25
Math-8,9-38
Math-9,80-22,80-23,80-47,80-86
Math-12,151-16,31-11,31-14,31-21,31-24,31-32,31-35,31-37,31-38
Math-15
Math-18,5-15,6-65,6-67,6-68
Math-20,0-15,1-4,1-65,1-67,1-68,1-130,6-2,6-10,6-12,6-14,6-21,6-24,6-27,6-34,6-40,11-3,11-8,21-38
Math-24,131-4
Math-26,86-3,86-5,86-9
Math-27,0-1
Math-28,1-7,1-17,2-31,2-39,3-8,4-16,4-35,5-4,5-6,5-11,5-25,5-27,5-31,5-37,6-5,6-7,6-14,6-17,6-19,6-29,6-48,7-2,7-3,7-5,7-7,7-10,7-16,7-20,7-29,7-31,7-33,7-35,8-10,8-29,9-4,9-27,9-31,10-7,10-8,10-16,10-21,10-22,10-26,10-32,10-33,10-36,10-37,10-42,10-46,10-50,11-41,12-6,12-16,12-35,12-38,13-5,13-16,14-1,14-2,14-14,14-18,15-4,15-5,16-4,16-10,16-12,16-14,16-15,16-16,16-19,16-24,16-33,16-37,16-40
Math-30,13-18,13-19,256-3,256-4,256-5,256-9,256-10,256-12,256-21,256-24,256-25,256-26,256-27,256-29,256-30,256-31,256-33
Math-33
Math-34,1-2
Math-39,34-5,35-12,35-35,48-17,52-2,52-3,52-11,52-16,52-18,52-23,52-29,52-34,52-35,53-7,53-20,53-30,55-15,57-10,57-16,60-27,63-31,64-29,66-33,67-31,71-29,72-34,75-11,76-21,77-11,78-1,78-3,78-27,78-31,78-40,79-10,96-25,97-18,97-31,119-1,119-2
Math-40,13-14
Math-41,22-13
Math-44,227-68
Math-49,6-11,11-14,11-17,19-37,48-12
Math-50,7-2,43-2,43-3,46-41,59-14,45-20
Math-52,21-4
Math-57,2-9,2-16,19-1,19-2,19-17
Math-58,8-2,59-9,59-12,167-3,171-14,184-16,221-26,224-37,224-38,224-39,224-44,303-4,304-3,304-6,304-7,305-8,402-27
Math-62,154-33
Math-63,0-11
Math-65
Math-68,34-79
Math-69,84-2,84-10,84-12,84-28,130-20,130-23
Math-70,0-12
Math-71,10-18,10-33,10-34,10-38,10-39,10-43,33-31,33-40,159-16,159-17,159-19,159-20,159-24,160-18,160-19,98-1,39-10,40-21,40-37
Math-75,0-3
Math-78,19-40,88-34,44-4,44-24,44-27,44-38,44-42,44-44,66-22,66-27
Math-80
Math-81,2-55,18-1
Math-82,45-2,45-21,45-24,53-2,53-9,54-40,55-2,56-7
Math-84,8-1,8-2,8-20,8-24,8-29,8-32
Math-85,43-1,43-18,43-20,43-21,43-37,43-38,43-43,43-47,43-48,43-49
Math-88,12-13,65-2,66-24
Math-94
Math-95,4-4,4-5,4-7,4-8,4-9,4-10,4-15,4-21,4-28,4-32
Math-96,13-15,15-12
Math-105,14-2
Mockito-8,11-4,11-7,11-17
Mockito-16,76-7
Mockito-28,81-5
Mockito-38,0-1,0-9,0-10,0-24,0-42,1-28,23-38
Time-4,2-1,2-19
Time-7,251-16,251-26
Time-11,0-5,0-23,0-31,0-34,237-4,237-23,237-24,300-20,6-5,6-9,6-20
Time-17,4-41